id	length	mw_kDa	pI	instability_index	instability_class	aliphatic_index	aromaticity	gravy	helix_frac	turn_frac	sheet_frac	expressibility_proxy
PSLW2_contig_289353_1	213	25.21	4.94	24.1	stable	90.2	0.131	-0.518	0.385	0.225	0.394	4.14
PSLW2_contig_270019_1	232	27.66	5.05	27.0	stable	89.5	0.134	-0.537	0.362	0.228	0.401	3.87
MHW1_contig_191404_1	382	43.01	6.35	25.1	stable	70.2	0.115	-0.385	0.298	0.309	0.348	3.3
SCW2_contig_6769_4	285	31.77	5.76	25.8	stable	81.8	0.091	-0.35	0.319	0.281	0.34	3.02
SCW2_contig_16835_1	201	22.13	7.17	28.7	stable	72.3	0.09	-0.409	0.269	0.284	0.328	2.97
SSLW1_contig_363473_1	126	14.59	6.27	18.7	stable	96.0	0.151	-0.172	0.341	0.27	0.397	2.97
PSLW2_contig_365729_2	306	34.66	6.84	24.8	stable	78.5	0.108	-0.307	0.382	0.235	0.373	2.92
MSLW2_contig_169078_1	274	31.55	7.18	23.7	stable	74.1	0.142	-0.259	0.354	0.248	0.354	2.8
PCW2_contig_71197_5	238	27.48	4.88	30.6	stable	88.9	0.118	-0.414	0.29	0.256	0.441	2.76
SHW1_contig_162384_2	281	31.29	6.91	33.1	stable	77.6	0.096	-0.447	0.352	0.278	0.306	2.62
SCW2_contig_130126_1	157	16.98	4.55	18.0	stable	91.9	0.07	-0.048	0.325	0.287	0.369	2.4
SSLW1_contig_33717_2	413	47.29	6.29	29.2	stable	77.9	0.102	-0.311	0.312	0.252	0.356	2.38
MHW2_contig_281617_1	278	30.68	5.17	25.0	stable	89.2	0.072	-0.198	0.32	0.284	0.353	2.31
PCW1_contig_209167_5	370	40.63	6.62	30.5	stable	74.4	0.081	-0.316	0.351	0.278	0.308	2.25
PSLW1_contig_127910_2	273	30.27	6.02	27.5	stable	85.4	0.084	-0.24	0.333	0.267	0.352	2.22
SHW1_contig_93216_2	376	41.85	5.32	27.0	stable	78.4	0.104	-0.225	0.309	0.29	0.343	2.2
MCW2_contig_225393_1	167	18.48	7.88	17.0	stable	94.7	0.096	0.023	0.329	0.269	0.365	2.15
PSLW1_contig_215704_1	317	34.55	5.1	23.4	stable	91.7	0.069	-0.121	0.35	0.309	0.353	2.1
PCW2_contig_154897_1	211	23.36	5.85	25.1	stable	87.3	0.09	-0.157	0.28	0.27	0.37	2.08
PCW2_contig_210277_1	219	25.03	8.27	35.5	stable	88.1	0.1	-0.403	0.256	0.269	0.388	2.08
PSLW2_contig_154699_2	255	27.84	5.87	20.3	stable	93.0	0.075	-0.032	0.424	0.243	0.353	2.02
PSLW1_contig_257700_2	192	21.36	6.15	31.6	stable	90.0	0.062	-0.299	0.333	0.24	0.312	2.02
MCW1_contig_180552_3	308	33.62	6.0	29.8	stable	73.6	0.11	-0.258	0.308	0.292	0.334	2.02
PSLW1_contig_307382_4	273	30.37	6.36	28.2	stable	88.6	0.084	-0.214	0.337	0.264	0.352	1.99
MHW2_contig_310594_1	228	25.97	8.39	23.4	stable	86.4	0.127	-0.097	0.307	0.254	0.399	1.98
SHW2_contig_313261_2	271	30.39	6.42	28.7	stable	83.9	0.081	-0.215	0.369	0.236	0.325	1.93
SCW1_contig_244672_3	273	30.39	6.25	32.4	stable	85.4	0.088	-0.298	0.322	0.282	0.341	1.91
MCW2_contig_315811_2	279	30.98	5.71	37.6	stable	73.1	0.097	-0.415	0.333	0.28	0.323	1.88
SSLW1_contig_55017_9	307	35.57	9.37	29.2	stable	92.4	0.134	-0.216	0.322	0.28	0.414	1.88
SCW1_contig_205070_1	193	21.3	7.72	23.9	stable	90.8	0.093	-0.082	0.238	0.316	0.378	1.83
PSLW2_contig_42692_1	171	18.87	5.58	29.3	stable	75.4	0.099	-0.208	0.374	0.251	0.327	1.82
PHW1_contig_338226_1	164	17.21	5.75	18.1	stable	90.5	0.067	0.059	0.409	0.28	0.329	1.81
PCW1_contig_86044_1	176	18.72	5.57	13.1	stable	82.8	0.062	0.181	0.426	0.233	0.301	1.8
MCW2_contig_192154_2	167	17.9	6.7	16.3	stable	91.3	0.09	0.106	0.335	0.287	0.329	1.79
PSLW1_contig_266642_1	181	19.89	6.96	24.0	stable	91.0	0.094	-0.069	0.276	0.287	0.392	1.75
SHW2_contig_61155_3	271	30.02	6.13	26.2	stable	88.2	0.052	-0.11	0.358	0.247	0.328	1.69
PCW2_contig_14374_31	272	30.48	6.47	32.2	stable	82.8	0.085	-0.25	0.36	0.265	0.324	1.68
PSLW2_contig_139109_1	210	23.31	6.07	33.2	stable	77.6	0.105	-0.272	0.295	0.286	0.338	1.67
PCW2_contig_2978_1	308	33.14	4.05	34.7	stable	83.3	0.068	-0.307	0.364	0.334	0.325	1.67
PSLW2_contig_110549_2	227	25.06	5.72	32.9	stable	80.0	0.097	-0.263	0.348	0.278	0.326	1.66
PCW1_contig_227649_2	251	26.36	6.59	19.6	stable	97.3	0.044	0.053	0.371	0.283	0.335	1.66
PCW2_contig_241057_2	272	30.66	6.34	36.5	stable	74.9	0.096	-0.346	0.346	0.265	0.32	1.65
PSLW2_contig_458013_1	186	20.64	5.76	31.7	stable	80.9	0.091	-0.225	0.382	0.242	0.328	1.61
PCW1_contig_317704_1	410	43.53	5.87	20.8	stable	102.1	0.056	0.038	0.42	0.263	0.339	1.58
PHW1_contig_277023_5	219	24.26	5.71	30.9	stable	86.0	0.073	-0.199	0.32	0.279	0.324	1.57
SHW2_contig_308473_2	271	30.15	6.36	29.8	stable	83.5	0.092	-0.17	0.362	0.251	0.343	1.55
MHW2_contig_152014_1	318	34.75	5.19	26.0	stable	93.9	0.069	-0.077	0.368	0.283	0.358	1.54
SHW2_contig_128953_1	310	33.9	9.19	30.2	stable	85.1	0.068	-0.172	0.339	0.245	0.332	1.51
SCW2_contig_60765_5	279	30.51	5.67	31.7	stable	81.9	0.097	-0.202	0.315	0.28	0.351	1.49
PCW2_contig_50677_2	273	30.41	6.35	30.4	stable	84.7	0.088	-0.173	0.33	0.271	0.333	1.49
PCW1_contig_197165_1	182	19.84	5.86	22.8	stable	94.5	0.093	0.017	0.396	0.258	0.335	1.44
SSLW2_contig_13178_4	273	30.44	6.54	37.4	stable	72.9	0.092	-0.329	0.33	0.267	0.311	1.44
SSLW2_contig_91600_45	256	27.15	4.87	19.5	stable	97.3	0.051	0.107	0.426	0.266	0.34	1.38
MCW1_contig_167821_1	176	18.84	4.81	25.5	stable	95.2	0.051	-0.031	0.312	0.312	0.341	1.36
PCW1_contig_209167_8	446	50.45	6.92	39.8	stable	75.0	0.103	-0.369	0.339	0.278	0.348	1.35
PCW1_contig_310794_1	258	28.3	6.16	30.0	stable	97.0	0.062	-0.134	0.399	0.233	0.322	1.34
SHW2_contig_159492_4	359	39.68	6.46	32.0	stable	89.5	0.095	-0.182	0.37	0.276	0.337	1.34
MCW2_contig_141331_2	291	32.14	5.68	28.9	stable	82.5	0.086	-0.107	0.347	0.247	0.357	1.33
SSLW2_contig_17440_2	274	30.48	5.81	33.0	stable	87.2	0.091	-0.201	0.336	0.266	0.35	1.32
MHW2_contig_215242_2	273	30.55	6.91	35.4	stable	84.0	0.095	-0.256	0.333	0.271	0.348	1.3
SSLW1_contig_383743_1	224	24.86	7.07	30.2	stable	96.3	0.067	-0.132	0.357	0.277	0.344	1.3
MSLW1_contig_207941_1	326	35.93	4.98	27.9	stable	83.2	0.095	-0.078	0.337	0.276	0.368	1.3
SHW2_contig_193215_2	715	76.86	5.78	23.1	stable	96.3	0.073	0.043	0.39	0.271	0.343	1.27
MSLW1_contig_245787_2	260	27.84	6.15	22.8	stable	100.7	0.054	0.051	0.431	0.25	0.342	1.26
MCW2_contig_399873_1	174	19.23	5.01	32.1	stable	76.8	0.086	-0.16	0.293	0.27	0.362	1.21
MCW2_contig_262759_1	225	23.59	6.88	19.1	stable	99.7	0.053	0.156	0.316	0.289	0.373	1.17
PCW1_contig_107465_11	312	33.58	4.74	27.5	stable	95.8	0.054	-0.044	0.362	0.269	0.324	1.17
PCW1_contig_173648_1	221	23.01	5.6	25.8	stable	85.7	0.036	0.001	0.321	0.312	0.299	1.15
PSLW2_contig_251013_1	218	24.05	6.49	40.2	likely unstable	72.6	0.083	-0.34	0.33	0.275	0.303	1.15
PSLW1_contig_243603_1	190	20.93	4.95	31.1	stable	84.3	0.1	-0.121	0.337	0.279	0.374	1.13
SHW2_contig_229815_1	175	18.53	5.95	31.9	stable	82.1	0.069	-0.137	0.326	0.291	0.303	1.11
SHW2_contig_42012_6	270	29.84	5.81	29.9	stable	94.0	0.067	-0.087	0.344	0.259	0.33	1.1
SSLW2_contig_29978_1	238	26.31	4.97	32.0	stable	89.0	0.084	-0.137	0.353	0.248	0.336	1.1
PSLW2_contig_255093_2	258	27.45	5.06	26.5	stable	92.8	0.07	-0.007	0.395	0.267	0.357	1.1
PCW1_contig_427794_2	260	28.42	5.76	28.5	stable	97.7	0.073	-0.053	0.438	0.219	0.335	1.09
PSLW2_contig_112231_3	717	76.37	6.32	22.6	stable	92.6	0.074	0.087	0.382	0.262	0.354	1.09
PHW1_contig_90782_1	313	35.52	9.18	29.0	stable	105.1	0.099	-0.059	0.422	0.243	0.39	1.06
PCW1_contig_295628_3	266	28.77	5.51	26.2	stable	89.7	0.068	0.008	0.436	0.218	0.312	1.06
PCW1_contig_8105_1	248	27.94	5.93	43.2	likely unstable	84.8	0.093	-0.393	0.363	0.262	0.331	1.05
PHW1_contig_180905_14	268	29.88	5.9	31.9	stable	84.2	0.09	-0.125	0.381	0.265	0.343	1.05
SCW2_contig_149985_1	215	21.61	4.72	16.9	stable	92.8	0.047	0.233	0.363	0.288	0.33	1.04
MCW2_contig_241579_2	95	10.44	5.17	31.9	stable	79.4	0.095	-0.118	0.347	0.232	0.305	1.01
PCW1_contig_51368_2	264	27.95	6.76	29.6	stable	97.1	0.049	-0.062	0.424	0.261	0.322	1.0
MCW2_contig_289819_1	220	23.68	8.42	32.2	stable	95.9	0.036	-0.12	0.432	0.273	0.314	0.98
MHW1_contig_334974_1	309	34.52	5.71	37.9	stable	86.6	0.081	-0.247	0.405	0.249	0.333	0.94
SHW1_contig_207444_2	254	27.16	5.75	22.9	stable	88.5	0.067	0.108	0.406	0.232	0.323	0.94
PSLW2_contig_73229_3	286	31.82	5.41	41.2	likely unstable	76.2	0.087	-0.325	0.325	0.269	0.315	0.94
PCW1_contig_256989_2	208	22.56	9.21	36.5	stable	76.2	0.072	-0.21	0.409	0.25	0.298	0.92
SCW2_contig_108227_3	277	30.75	5.34	41.9	likely unstable	74.8	0.083	-0.336	0.336	0.264	0.307	0.91
SHW1_contig_348994_2	252	28.48	5.48	31.4	stable	98.7	0.079	-0.086	0.357	0.246	0.381	0.9
SSLW1_contig_21476_2	441	47.61	5.43	26.7	stable	95.4	0.054	0.027	0.374	0.279	0.342	0.9
PHW2_contig_327516_1	257	27.6	5.79	21.2	stable	106.8	0.066	0.158	0.428	0.265	0.358	0.89
SCW1_contig_341209_12	259	28.37	5.3	23.4	stable	101.0	0.062	0.108	0.413	0.212	0.363	0.88
SHW1_contig_15215_1	242	25.29	5.25	27.4	stable	99.0	0.029	0.013	0.438	0.252	0.314	0.88
PHW1_contig_227045_2	701	78.99	5.78	32.2	stable	103.4	0.091	-0.098	0.381	0.264	0.399	0.87
MCW1_contig_146941_5	303	34.47	9.12	32.5	stable	92.1	0.125	-0.104	0.284	0.277	0.406	0.86
PHW2_contig_78442_19	258	27.88	5.48	27.7	stable	87.6	0.074	0.01	0.422	0.24	0.314	0.86
PSLW2_contig_165809_1	189	19.99	7.94	16.7	stable	98.8	0.053	0.271	0.429	0.217	0.339	0.86
PHW1_contig_169682_2	259	27.79	5.59	24.0	stable	91.4	0.069	0.102	0.417	0.232	0.313	0.84
MSLW2_contig_130333_1	235	26.28	5.88	31.9	stable	82.3	0.081	-0.086	0.409	0.238	0.328	0.84
SCW1_contig_311453_3	699	75.2	8.53	29.2	stable	92.2	0.066	-0.02	0.392	0.266	0.322	0.83
SHW2_contig_193921_5	717	76.11	7.52	23.8	stable	93.1	0.074	0.109	0.396	0.264	0.346	0.82
MCW2_contig_111511_2	220	23.7	6.25	29.0	stable	85.7	0.064	-0.007	0.355	0.268	0.314	0.79
PCW2_contig_250718_1	173	18.3	4.82	29.4	stable	84.6	0.058	-0.018	0.312	0.318	0.306	0.79
MSLW2_contig_286388_1	124	13.54	5.35	21.6	stable	90.4	0.097	0.169	0.323	0.29	0.379	0.78
MHW2_contig_54696_8	269	29.11	5.55	33.8	stable	84.6	0.071	-0.117	0.357	0.279	0.346	0.77
PHW1_contig_70865_19	232	25.89	6.5	33.7	stable	91.7	0.078	-0.115	0.336	0.263	0.341	0.77
MCW2_contig_249753_2	202	21.43	5.92	19.6	stable	99.6	0.035	0.22	0.396	0.238	0.347	0.76
MCW2_contig_308899_3	257	27.79	6.01	28.4	stable	86.8	0.074	0.018	0.42	0.249	0.3	0.73
PCW1_contig_274324_2	258	27.66	6.0	25.4	stable	88.7	0.074	0.089	0.422	0.248	0.322	0.73
PSLW2_contig_380552_1	430	46.27	6.01	33.5	stable	88.8	0.056	-0.103	0.342	0.277	0.319	0.73
PHW2_contig_2373_1	181	18.96	4.78	20.8	stable	99.8	0.055	0.2	0.326	0.326	0.343	0.72
MCW2_contig_362899_1	197	20.91	8.68	28.8	stable	95.8	0.051	0.016	0.411	0.254	0.289	0.69
MCW2_contig_12393_1	184	19.69	6.5	31.9	stable	99.9	0.043	-0.057	0.375	0.245	0.31	0.69
SHW2_contig_35821_1	210	23.65	7.03	45.8	likely unstable	72.6	0.1	-0.384	0.386	0.238	0.333	0.67
MSLW1_contig_120158_2	290	30.98	5.58	30.0	stable	89.6	0.055	-0.007	0.359	0.279	0.331	0.66
MCW1_contig_99856_1	274	31.09	5.26	40.4	likely unstable	89.7	0.095	-0.253	0.307	0.266	0.38	0.66
SCW1_contig_26569_2	257	29.33	5.32	36.6	stable	80.9	0.101	-0.156	0.377	0.237	0.35	0.62
MSLW2_contig_124093_2	377	41.52	5.66	38.4	stable	83.4	0.058	-0.198	0.353	0.257	0.334	0.62
PSLW1_contig_74821_3	263	28.73	5.7	35.0	stable	95.8	0.068	-0.117	0.357	0.262	0.331	0.61
MCW2_contig_284311_1	134	14.17	6.39	21.1	stable	92.4	0.082	0.219	0.239	0.306	0.388	0.58
MCW2_contig_84092_1	200	21.4	7.03	40.5	likely unstable	80.6	0.06	-0.24	0.275	0.32	0.3	0.57
MCW2_contig_336329_1	286	31.69	6.2	41.7	likely unstable	75.1	0.105	-0.266	0.318	0.287	0.301	0.56
MCW2_contig_40230_1	175	18.91	6.48	29.7	stable	80.9	0.074	0.019	0.377	0.234	0.314	0.56
PSLW2_contig_133590_3	255	27.76	5.41	38.4	stable	91.9	0.067	-0.187	0.427	0.267	0.337	0.56
SCW1_contig_293559_1	259	27.76	5.82	27.5	stable	86.1	0.069	0.075	0.402	0.247	0.301	0.54
MSLW2_contig_173051_15	249	27.0	5.68	26.6	stable	118.1	0.044	0.103	0.442	0.233	0.357	0.5
SSLW1_contig_389155_5	273	29.48	5.6	31.5	stable	99.2	0.048	-0.011	0.388	0.238	0.322	0.49
MCW2_contig_310412_1	365	38.53	6.36	28.5	stable	94.8	0.06	0.062	0.4	0.279	0.315	0.48
MCW2_contig_347009_2	447	47.48	5.79	28.1	stable	97.7	0.049	0.073	0.347	0.282	0.322	0.47
PCW1_contig_292684_1	202	21.59	5.83	30.2	stable	81.4	0.069	0.024	0.421	0.233	0.267	0.47
MSLW1_contig_257141_2	286	32.58	6.2	40.1	likely unstable	90.5	0.101	-0.212	0.332	0.238	0.367	0.47
MHW1_contig_254094_13	270	29.69	5.43	30.3	stable	97.3	0.063	0.023	0.374	0.248	0.319	0.46
PSLW2_contig_426139_1	194	21.57	5.11	30.2	stable	93.6	0.113	0.027	0.345	0.273	0.376	0.45
MCW2_contig_253530_1	206	22.72	6.52	33.8	stable	96.7	0.078	-0.057	0.379	0.248	0.35	0.44
PCW1_contig_226866_2	214	22.19	5.31	26.0	stable	82.7	0.047	0.128	0.416	0.262	0.28	0.44
MSLW2_contig_118992_3	439	47.5	6.18	27.0	stable	105.2	0.052	0.106	0.346	0.269	0.351	0.44
PCW1_contig_104348_2	166	17.62	4.52	21.7	stable	100.6	0.066	0.23	0.355	0.289	0.331	0.44
PSLW1_contig_251761_1	222	23.97	6.91	24.4	stable	102.4	0.041	0.171	0.369	0.252	0.333	0.42
PSLW1_contig_109490_2	192	20.41	4.99	27.3	stable	91.7	0.062	0.107	0.401	0.24	0.318	0.39
PCW1_contig_73925_1	199	20.5	5.88	19.2	stable	109.6	0.025	0.299	0.432	0.261	0.327	0.39
MSLW2_contig_220753_2	195	20.84	4.69	18.2	stable	107.1	0.051	0.324	0.39	0.236	0.379	0.39
PHW1_contig_291361_6	714	77.66	6.76	35.5	stable	92.3	0.069	-0.084	0.381	0.255	0.349	0.37
SCW1_contig_149869_1	211	22.75	5.96	26.6	stable	106.5	0.062	0.127	0.384	0.284	0.341	0.37
MSLW2_contig_110351_2	237	25.39	5.47	32.4	stable	95.9	0.063	-0.009	0.354	0.3	0.333	0.37
SHW2_contig_43694_1	155	17.75	4.97	39.5	stable	108.8	0.084	-0.179	0.413	0.252	0.381	0.37
MSLW1_contig_272558_2	227	24.77	5.39	34.7	stable	98.0	0.035	-0.063	0.344	0.256	0.313	0.36
MSLW1_contig_203860_2	265	29.07	5.25	36.7	stable	90.9	0.06	-0.109	0.336	0.268	0.362	0.36
PCW1_contig_169749_2	212	22.34	5.87	29.4	stable	91.7	0.057	0.064	0.373	0.269	0.311	0.36
PSLW2_contig_198991_1	247	26.36	5.23	30.9	stable	94.1	0.065	0.03	0.389	0.271	0.348	0.35
SCW1_contig_348711_1	263	28.67	5.29	33.7	stable	92.8	0.072	-0.037	0.373	0.266	0.338	0.35
SSLW2_contig_133961_1	256	27.89	5.37	30.4	stable	90.0	0.066	0.041	0.355	0.23	0.348	0.35
SSLW2_contig_112047_42	418	46.02	5.54	34.1	stable	93.9	0.074	-0.04	0.4	0.266	0.352	0.32
PCW1_contig_138666_2	258	27.63	5.3	27.0	stable	89.8	0.07	0.128	0.422	0.248	0.302	0.32
MCW2_contig_261091_1	262	28.88	6.61	36.9	stable	89.2	0.088	-0.104	0.317	0.26	0.34	0.3
MCW1_contig_277514_1	377	39.87	5.61	29.7	stable	93.3	0.048	0.069	0.34	0.294	0.329	0.29
PCW2_contig_207335_1	198	20.92	4.55	39.7	stable	91.3	0.045	-0.164	0.384	0.273	0.308	0.27
SHW2_contig_319273_2	261	28.08	5.75	27.6	stable	95.1	0.054	0.123	0.414	0.222	0.326	0.27
SSLW1_contig_22436_1	262	27.62	5.55	30.0	stable	93.7	0.053	0.068	0.42	0.233	0.309	0.26
MCW2_contig_102209_2	246	26.55	9.61	36.4	stable	94.8	0.053	-0.082	0.398	0.289	0.313	0.25
PSLW2_contig_399809_1	160	17.12	5.77	32.0	stable	92.8	0.05	0.022	0.337	0.3	0.331	0.25
SCW2_contig_126528_1	206	21.92	5.62	31.0	stable	89.7	0.073	0.045	0.388	0.257	0.32	0.25
MCW2_contig_219559_1	261	28.99	9.72	36.5	stable	104.8	0.061	-0.082	0.444	0.222	0.345	0.24
PSLW2_contig_198032_1	177	19.16	5.24	32.8	stable	100.4	0.062	0.008	0.345	0.311	0.339	0.22
PSLW2_contig_444812_15	268	28.59	5.68	30.8	stable	88.3	0.071	0.057	0.414	0.269	0.306	0.22
MCW2_contig_150213_2	191	20.25	5.14	32.1	stable	96.7	0.063	0.035	0.335	0.283	0.335	0.17
PCW2_contig_73043_1	186	21.71	5.94	46.5	likely unstable	86.5	0.134	-0.304	0.296	0.253	0.371	0.16
MCW1_contig_14112_7	264	27.98	5.72	30.0	stable	90.0	0.072	0.092	0.42	0.25	0.318	0.13
SHW1_contig_98077_1	206	22.17	5.03	35.2	stable	90.5	0.068	-0.032	0.291	0.272	0.364	0.13
PCW1_contig_372414_2	159	16.95	5.7	31.1	stable	88.7	0.082	0.068	0.434	0.226	0.327	0.12
MCW2_contig_130232_1	170	17.74	5.66	29.1	stable	92.5	0.065	0.116	0.388	0.265	0.312	0.12
SCW2_contig_31608_1	202	22.18	6.4	42.4	likely unstable	91.0	0.084	-0.2	0.436	0.243	0.327	0.12
SCW2_contig_185568_1	193	20.2	4.88	28.3	stable	103.3	0.047	0.136	0.43	0.269	0.321	0.11
MCW2_contig_62733_1	187	19.97	5.17	28.0	stable	82.7	0.07	0.143	0.433	0.235	0.299	0.11
SHW1_contig_28295_1	242	25.55	5.75	30.6	stable	95.0	0.05	0.083	0.421	0.227	0.31	0.1
MCW2_contig_274532_1	172	18.79	8.14	37.1	stable	93.1	0.087	-0.071	0.308	0.314	0.378	0.1
SCW1_contig_339893_1	280	31.78	5.48	43.7	likely unstable	92.4	0.096	-0.228	0.325	0.25	0.364	0.1
SHW2_contig_253092_1	193	20.75	5.2	28.5	stable	94.0	0.057	0.137	0.373	0.269	0.337	0.08
SHW1_contig_242677_1	276	30.88	6.14	39.5	stable	87.7	0.083	-0.124	0.37	0.268	0.33	0.08
SSLW2_contig_45641_2	260	27.78	6.23	32.5	stable	101.8	0.062	0.044	0.404	0.288	0.335	0.07
MHW1_contig_192185_1	156	16.53	5.16	30.9	stable	88.4	0.077	0.083	0.359	0.288	0.288	0.06
MHW1_contig_230405_1	187	20.25	4.65	35.0	stable	92.0	0.064	-0.012	0.38	0.267	0.337	0.05
MCW2_contig_42619_2	216	22.72	6.57	22.4	stable	104.1	0.056	0.289	0.398	0.264	0.338	0.04
SHW1_contig_270096_1	272	30.54	7.12	40.7	likely unstable	82.9	0.081	-0.144	0.412	0.25	0.316	0.04
MHW1_contig_261848_2	314	34.14	5.61	34.9	stable	90.8	0.076	-0.002	0.328	0.261	0.347	0.01
SHW2_contig_214211_1	224	23.63	6.21	28.6	stable	89.6	0.049	0.152	0.415	0.232	0.272	-0.01
MHW2_contig_348156_1	274	30.46	6.9	43.1	likely unstable	86.9	0.088	-0.193	0.31	0.277	0.35	-0.01
PCW2_contig_232776_1	367	40.9	4.94	40.4	likely unstable	98.7	0.068	-0.126	0.357	0.259	0.362	-0.02
PHW2_contig_159635_2	265	28.23	5.72	32.6	stable	87.8	0.072	0.058	0.423	0.26	0.317	-0.02
MHW1_contig_159245_1	184	19.57	7.76	29.4	stable	101.3	0.049	0.137	0.337	0.31	0.364	-0.03
SCW2_contig_195645_2	265	28.15	5.69	31.8	stable	95.1	0.06	0.081	0.4	0.242	0.328	-0.04
PCW1_contig_26886_2	272	29.52	6.07	35.7	stable	89.6	0.062	-0.008	0.287	0.257	0.368	-0.06
PSLW1_contig_185282_4	269	29.19	5.64	33.9	stable	87.5	0.056	0.035	0.409	0.223	0.301	-0.06
SCW1_contig_27231_19	268	30.09	6.31	40.3	likely unstable	96.5	0.082	-0.116	0.325	0.313	0.362	-0.06
MSLW2_contig_220449_2	365	39.5	5.84	35.4	stable	87.5	0.077	0.004	0.332	0.274	0.337	-0.08
MSLW2_contig_77113_2	290	32.61	9.57	42.6	likely unstable	96.0	0.103	-0.168	0.379	0.252	0.362	-0.08
MCW2_contig_294270_1	189	21.05	6.23	38.4	stable	88.8	0.106	-0.065	0.317	0.249	0.339	-0.1
MCW2_contig_415710_1	304	31.74	9.69	33.5	stable	95.1	0.049	0.054	0.382	0.28	0.319	-0.11
PSLW2_contig_201453_1	258	27.9	5.47	35.0	stable	98.1	0.062	0.018	0.403	0.236	0.337	-0.11
MSLW1_contig_95200_2	259	27.91	5.08	31.8	stable	98.4	0.058	0.097	0.375	0.255	0.34	-0.12
PHW2_contig_23433_8	223	24.23	5.5	40.4	likely unstable	91.1	0.067	-0.105	0.35	0.283	0.318	-0.13
SCW2_contig_153635_1	367	38.4	6.93	29.8	stable	102.6	0.049	0.148	0.447	0.256	0.335	-0.14
MSLW2_contig_9553_2	240	25.5	5.12	27.3	stable	95.7	0.067	0.207	0.417	0.258	0.321	-0.14
SSLW2_contig_150520_1	241	26.8	5.09	38.0	stable	88.8	0.091	-0.045	0.369	0.232	0.369	-0.15
MHW2_contig_60682_1	190	20.29	5.65	29.5	stable	104.7	0.063	0.158	0.326	0.274	0.358	-0.16
MHW1_contig_107709_1	187	20.13	6.39	36.2	stable	97.6	0.059	-0.0	0.305	0.267	0.353	-0.16
PCW1_contig_17347_3	213	22.23	7.64	23.4	stable	109.2	0.028	0.304	0.413	0.254	0.343	-0.17
MSLW1_contig_116079_1	297	32.57	7.72	34.8	stable	95.6	0.077	0.037	0.374	0.253	0.374	-0.18
PHW1_contig_292623_1	261	28.94	6.1	38.4	stable	92.3	0.092	-0.049	0.307	0.318	0.349	-0.18
SHW2_contig_302774_1	158	15.74	5.53	23.0	stable	105.6	0.025	0.32	0.361	0.329	0.323	-0.2
PCW2_contig_108453_2	402	43.52	9.18	42.6	likely unstable	95.4	0.055	-0.143	0.4	0.269	0.336	-0.21
PCW1_contig_283326_2	272	30.0	5.48	45.1	likely unstable	95.9	0.051	-0.197	0.415	0.232	0.331	-0.24
MHW2_contig_75635_2	264	28.06	5.65	30.2	stable	94.1	0.064	0.156	0.42	0.246	0.322	-0.24
PHW1_contig_10141_2	276	30.05	5.29	36.7	stable	86.3	0.083	0.004	0.37	0.261	0.348	-0.25
PHW2_contig_149792_2	246	26.6	5.37	35.7	stable	96.5	0.069	0.028	0.346	0.264	0.35	-0.25
PCW1_contig_8334_2	209	23.22	5.7	45.1	likely unstable	94.5	0.072	-0.188	0.349	0.254	0.316	-0.29
MHW2_contig_273873_4	442	47.41	5.39	32.4	stable	101.8	0.048	0.114	0.367	0.262	0.353	-0.29
PCW1_contig_84488_2	435	46.35	5.56	34.4	stable	100.9	0.044	0.067	0.354	0.271	0.336	-0.29
PHW2_contig_159336_2	252	27.34	6.3	44.1	likely unstable	89.1	0.067	-0.163	0.329	0.298	0.321	-0.29
PCW1_contig_407229_1	182	19.54	7.05	27.9	stable	102.5	0.077	0.22	0.39	0.269	0.335	-0.29
PCW1_contig_412614_1	215	22.2	5.83	29.2	stable	92.0	0.06	0.192	0.391	0.274	0.284	-0.3
PSLW2_contig_329610_1	177	18.54	5.05	26.1	stable	99.3	0.068	0.269	0.379	0.266	0.356	-0.32
MCW2_contig_13414_2	280	29.93	9.1	34.0	stable	95.1	0.057	0.082	0.289	0.264	0.368	-0.32
PHW1_contig_201423_2	235	25.31	5.96	35.8	stable	95.2	0.072	0.04	0.391	0.264	0.332	-0.33
PCW1_contig_209167_7	393	43.97	5.52	44.7	likely unstable	89.8	0.089	-0.171	0.318	0.265	0.351	-0.33
SCW2_contig_212987_1	170	18.0	6.09	25.3	stable	110.8	0.059	0.291	0.347	0.282	0.382	-0.34
SHW1_contig_1958_1	170	18.07	4.86	38.5	stable	87.9	0.071	-0.022	0.335	0.294	0.341	-0.34
PCW1_contig_8454_3	240	25.06	5.31	29.3	stable	100.6	0.042	0.198	0.4	0.263	0.321	-0.35
PCW2_contig_187473_2	261	27.82	5.02	35.2	stable	100.3	0.054	0.059	0.444	0.257	0.333	-0.35
MHW2_contig_95492_1	322	34.25	5.34	32.7	stable	98.0	0.043	0.12	0.37	0.27	0.32	-0.36
PSLW2_contig_422371_1	161	17.03	5.41	32.1	stable	85.2	0.081	0.134	0.435	0.236	0.317	-0.36
MCW2_contig_317249_1	168	17.74	7.01	36.5	stable	93.6	0.06	0.031	0.286	0.31	0.327	-0.37
MSLW2_contig_386653_2	327	34.74	10.1	35.4	stable	98.3	0.055	0.058	0.382	0.269	0.318	-0.37
SHW1_contig_161604_2	237	26.48	5.03	39.2	stable	96.8	0.105	-0.03	0.371	0.245	0.388	-0.38
PSLW1_contig_74821_2	255	27.84	7.77	36.9	stable	105.7	0.055	0.023	0.373	0.22	0.369	-0.38
SCW2_contig_198166_1	211	22.18	5.03	31.2	stable	99.1	0.052	0.16	0.37	0.294	0.346	-0.38
PHW1_contig_310384_2	260	27.72	5.57	30.3	stable	97.3	0.058	0.18	0.369	0.235	0.346	-0.38
PCW1_contig_113707_5	259	27.23	5.19	27.9	stable	96.5	0.073	0.24	0.39	0.282	0.34	-0.39
MSLW2_contig_281232_1	185	20.91	6.42	44.5	likely unstable	87.1	0.108	-0.154	0.314	0.238	0.373	-0.39
MCW1_contig_138914_8	439	47.02	5.82	31.6	stable	107.2	0.043	0.154	0.36	0.271	0.337	-0.4
SSLW1_contig_121796_11	239	27.26	5.64	41.3	likely unstable	88.2	0.096	-0.077	0.322	0.255	0.368	-0.4
PCW1_contig_268568_3	261	27.61	7.73	30.8	stable	107.1	0.042	0.173	0.425	0.257	0.318	-0.4
PCW1_contig_150234_1	265	28.47	6.84	36.0	stable	88.9	0.064	0.053	0.385	0.253	0.325	-0.42
SCW1_contig_47089_1	456	48.45	8.5	37.1	stable	98.7	0.05	0.026	0.371	0.276	0.346	-0.42
SHW2_contig_258732_1	310	33.74	5.45	32.4	stable	103.3	0.061	0.142	0.335	0.248	0.358	-0.44
PHW1_contig_283624_2	230	25.04	8.55	36.9	stable	88.0	0.113	0.036	0.343	0.265	0.365	-0.44
MCW1_contig_309493_1	200	21.32	5.77	33.2	stable	98.2	0.055	0.127	0.395	0.275	0.305	-0.46
SHW2_contig_128052_2	260	27.5	8.44	36.8	stable	103.7	0.035	0.043	0.412	0.242	0.335	-0.47
SSLW1_contig_35515_2	267	28.45	5.73	33.0	stable	99.5	0.037	0.133	0.382	0.247	0.337	-0.47
PHW1_contig_195664_2	363	39.56	5.8	39.9	stable	89.3	0.077	-0.031	0.344	0.267	0.328	-0.47
MHW1_contig_172554_13	656	73.29	5.43	45.5	likely unstable	91.1	0.076	-0.162	0.354	0.247	0.357	-0.48
PSLW2_contig_399930_1	254	26.93	6.07	36.7	stable	94.3	0.047	0.048	0.37	0.26	0.323	-0.48
PHW1_contig_257823_8	291	32.84	6.05	53.4	likely unstable	77.2	0.113	-0.349	0.326	0.278	0.316	-0.48
SSLW2_contig_22599_50	259	28.43	4.95	34.7	stable	100.3	0.097	0.097	0.378	0.29	0.359	-0.49
SSLW1_contig_202437_1	185	20.77	4.94	42.4	likely unstable	78.5	0.092	-0.085	0.362	0.249	0.351	-0.49
PCW1_contig_233529_1	173	18.65	5.11	29.6	stable	106.1	0.069	0.217	0.41	0.249	0.358	-0.49
PHW1_contig_198306_12	260	28.14	5.06	35.1	stable	96.2	0.058	0.087	0.388	0.219	0.35	-0.49
SSLW2_contig_131437_2	262	29.12	9.63	44.2	likely unstable	105.5	0.053	-0.126	0.454	0.233	0.332	-0.5
SHW1_contig_271054_2	259	27.83	5.6	31.9	stable	99.6	0.062	0.166	0.39	0.205	0.351	-0.51
PCW1_contig_400269_2	383	41.53	6.12	40.3	likely unstable	95.5	0.068	-0.033	0.36	0.23	0.337	-0.51
SCW2_contig_3995_4	556	59.35	4.99	38.9	stable	94.1	0.058	0.004	0.354	0.275	0.344	-0.53
PCW1_contig_280866_1	258	27.32	6.94	32.7	stable	92.8	0.062	0.152	0.376	0.252	0.329	-0.53
SSLW1_contig_57417_2	207	21.77	5.98	30.1	stable	96.3	0.053	0.215	0.396	0.256	0.333	-0.54
MCW2_contig_382349_1	232	23.94	5.46	28.8	stable	96.8	0.047	0.247	0.358	0.276	0.349	-0.55
MCW2_contig_320491_2	260	27.83	5.75	38.7	stable	95.5	0.058	0.013	0.4	0.231	0.315	-0.55
SHW2_contig_106035_3	187	19.92	5.16	28.5	stable	94.6	0.07	0.256	0.353	0.23	0.348	-0.56
PCW1_contig_223449_1	297	32.71	10.13	45.5	likely unstable	92.4	0.064	-0.147	0.374	0.239	0.323	-0.56
MCW1_contig_125716_1	186	19.85	5.83	36.6	stable	100.7	0.048	0.069	0.29	0.301	0.349	-0.58
SHW1_contig_80617_4	259	27.87	5.67	36.7	stable	98.5	0.062	0.07	0.405	0.247	0.328	-0.6
MHW1_contig_245589_2	413	43.9	5.37	33.7	stable	100.4	0.048	0.142	0.354	0.254	0.366	-0.61
SSLW1_contig_401094_13	275	30.14	4.81	36.8	stable	89.2	0.098	0.071	0.36	0.273	0.356	-0.62
SCW2_contig_17207_1	475	50.49	6.18	35.9	stable	99.5	0.057	0.092	0.404	0.255	0.347	-0.62
SSLW2_contig_3341_1	341	36.61	5.23	38.8	stable	85.6	0.059	0.023	0.37	0.296	0.32	-0.62
MHW2_contig_88777_1	157	15.75	4.88	23.1	stable	112.0	0.032	0.404	0.369	0.299	0.369	-0.66
PSLW2_contig_242791_3	210	22.71	7.11	41.8	likely unstable	98.0	0.067	-0.036	0.314	0.295	0.371	-0.68
SCW2_contig_183095_2	236	26.73	5.99	50.6	likely unstable	97.7	0.072	-0.234	0.407	0.216	0.343	-0.74
MSLW2_contig_118078_2	260	27.1	5.81	33.9	stable	98.7	0.058	0.169	0.419	0.246	0.308	-0.77
PSLW2_contig_56611_1	246	26.9	5.62	39.7	stable	101.9	0.081	0.033	0.374	0.276	0.386	-0.78
PCW1_contig_158166_6	267	28.35	6.08	34.0	stable	99.7	0.06	0.173	0.393	0.255	0.33	-0.81
PHW2_contig_8795_1	166	18.02	5.07	40.6	likely unstable	97.6	0.066	0.017	0.361	0.271	0.355	-0.81
SCW2_contig_166065_1	196	20.74	5.13	39.7	stable	92.8	0.046	0.048	0.408	0.26	0.316	-0.86
PHW1_contig_160984_1	378	40.59	10.18	40.3	likely unstable	100.6	0.053	0.034	0.384	0.267	0.312	-0.86
PCW1_contig_176944_2	259	28.58	5.03	46.5	likely unstable	93.1	0.069	-0.112	0.375	0.266	0.34	-0.87
PHW2_contig_101733_1	188	19.94	7.43	34.6	stable	95.7	0.064	0.17	0.404	0.213	0.34	-0.87
PCW1_contig_5288_3	231	25.51	6.75	43.8	likely unstable	89.7	0.108	-0.048	0.368	0.268	0.372	-0.87
MCW2_contig_352294_1	207	22.02	5.58	39.8	stable	90.1	0.063	0.046	0.357	0.28	0.304	-0.87
MCW1_contig_106756_1	214	22.36	6.3	30.6	stable	104.5	0.033	0.273	0.379	0.257	0.35	-0.91
PCW2_contig_127234_2	465	49.98	8.53	45.6	likely unstable	97.0	0.052	-0.081	0.413	0.262	0.318	-0.92
PCW1_contig_427374_2	260	28.08	6.11	40.8	likely unstable	92.8	0.073	0.035	0.327	0.285	0.365	-0.93
PHW2_contig_182855_1	232	25.32	4.9	36.7	stable	101.4	0.073	0.131	0.358	0.267	0.349	-0.93
PCW1_contig_85028_1	187	19.17	4.88	24.8	stable	108.3	0.048	0.417	0.476	0.267	0.332	-0.95
SSLW1_contig_265783_1	166	17.61	4.75	27.6	stable	89.4	0.09	0.354	0.386	0.283	0.349	-0.96
SSLW1_contig_372353_2	267	28.49	5.96	35.5	stable	97.4	0.06	0.165	0.397	0.247	0.341	-0.96
PSLW2_contig_43651_3	253	27.69	6.59	38.7	stable	107.7	0.063	0.093	0.344	0.269	0.36	-0.98
SHW2_contig_328681_1	164	17.32	8.02	37.0	stable	94.2	0.049	0.135	0.396	0.256	0.305	-0.99
PSLW2_contig_378390_1	190	19.89	5.53	32.2	stable	100.8	0.037	0.251	0.421	0.247	0.326	-1.0
SHW2_contig_223093_2	691	73.67	9.22	41.6	likely unstable	95.6	0.067	0.029	0.376	0.274	0.323	-1.0
PCW1_contig_39607_6	268	28.57	6.45	40.0	stable	94.3	0.049	0.066	0.347	0.265	0.313	-1.0
PCW1_contig_164347_4	265	28.09	5.98	35.9	stable	103.3	0.049	0.164	0.423	0.257	0.309	-1.0
MCW2_contig_45511_2	200	20.05	5.35	27.8	stable	98.7	0.02	0.359	0.39	0.285	0.305	-1.02
SCW2_contig_130909_1	157	16.9	5.07	37.7	stable	100.6	0.025	0.126	0.318	0.242	0.35	-1.03
PSLW2_contig_404372_2	160	17.13	6.12	39.0	stable	98.9	0.081	0.098	0.331	0.319	0.381	-1.04
PHW1_contig_85863_1	220	23.63	7.09	38.3	stable	92.0	0.055	0.117	0.405	0.223	0.305	-1.05
MSLW1_contig_162999_2	348	37.55	9.24	40.4	likely unstable	99.1	0.06	0.068	0.405	0.264	0.328	-1.06
SHW1_contig_201994_2	150	15.59	5.03	33.2	stable	104.2	0.047	0.241	0.353	0.293	0.347	-1.07
PHW2_contig_208717_3	233	26.08	5.34	46.0	likely unstable	80.9	0.12	-0.06	0.322	0.253	0.395	-1.08
PHW2_contig_338015_1	245	25.65	5.73	34.3	stable	102.6	0.049	0.218	0.42	0.253	0.318	-1.09
SSLW2_contig_12698_2	444	48.93	5.57	49.0	likely unstable	94.1	0.065	-0.129	0.358	0.252	0.34	-1.1
SHW2_contig_218893_3	254	26.71	5.76	30.6	stable	103.5	0.039	0.313	0.425	0.232	0.311	-1.13
PCW1_contig_411905_1	212	23.03	5.87	48.3	likely unstable	97.2	0.042	-0.104	0.415	0.255	0.325	-1.14
PSLW2_contig_149850_5	256	27.4	5.62	40.4	likely unstable	94.7	0.066	0.083	0.445	0.254	0.324	-1.14
MSLW2_contig_7812_2	260	27.37	5.31	33.7	stable	110.2	0.038	0.243	0.419	0.231	0.338	-1.14
PCW1_contig_109205_1	639	68.46	9.17	41.7	likely unstable	102.4	0.052	0.054	0.404	0.268	0.329	-1.15
SCW1_contig_191739_2	363	39.0	5.66	38.8	stable	92.6	0.074	0.129	0.366	0.267	0.331	-1.18
MHW1_contig_87727_1	348	37.92	5.83	45.7	likely unstable	87.6	0.08	-0.035	0.339	0.267	0.325	-1.18
MCW2_contig_233613_1	179	19.03	5.52	32.7	stable	96.5	0.067	0.273	0.318	0.263	0.341	-1.18
MSLW2_contig_10992_2	162	17.73	9.4	31.1	stable	112.6	0.093	0.311	0.377	0.265	0.426	-1.18
MHW2_contig_22176_1	185	20.0	4.67	34.6	stable	108.7	0.054	0.232	0.427	0.243	0.362	-1.2
MHW1_contig_14349_9	312	33.98	4.56	38.5	stable	115.4	0.064	0.144	0.311	0.288	0.413	-1.22
SCW2_contig_75648_1	166	17.99	5.74	42.4	likely unstable	92.3	0.078	0.056	0.349	0.265	0.343	-1.25
PHW1_contig_312722_1	244	25.99	5.15	36.6	stable	98.9	0.061	0.196	0.422	0.234	0.352	-1.26
PHW1_contig_340191_1	279	29.7	5.84	44.6	likely unstable	91.8	0.057	0.012	0.398	0.269	0.319	-1.29
SSLW1_contig_155873_1	203	21.41	8.78	32.0	stable	104.1	0.044	0.31	0.458	0.246	0.305	-1.29
PSLW1_contig_197343_2	216	23.4	5.54	46.9	likely unstable	100.3	0.046	-0.042	0.352	0.278	0.324	-1.29
MHW1_contig_341164_1	173	20.05	5.25	56.2	likely unstable	78.5	0.133	-0.262	0.347	0.197	0.358	-1.3
SHW1_contig_261816_5	268	28.25	7.68	42.3	likely unstable	104.3	0.034	0.068	0.425	0.246	0.332	-1.3
SHW2_contig_297313_2	200	22.86	5.29	52.6	likely unstable	93.8	0.105	-0.174	0.365	0.23	0.365	-1.31
PSLW2_contig_414679_1	270	29.64	9.09	47.8	likely unstable	87.9	0.085	-0.059	0.315	0.259	0.352	-1.32
PSLW2_contig_74490_2	256	27.49	5.31	42.5	likely unstable	94.7	0.066	0.068	0.449	0.246	0.324	-1.32
MSLW2_contig_231908_4	258	27.88	5.2	43.6	likely unstable	99.1	0.039	0.05	0.38	0.298	0.326	-1.37
MCW2_contig_123689_7	200	21.79	6.23	47.3	likely unstable	89.9	0.06	-0.035	0.39	0.255	0.31	-1.38
PSLW1_contig_287040_1	535	56.74	6.25	45.1	likely unstable	91.2	0.064	0.021	0.318	0.301	0.333	-1.4
PHW1_contig_64803_3	188	20.19	5.1	38.7	stable	96.6	0.08	0.173	0.388	0.255	0.362	-1.4
MSLW2_contig_338472_1	481	50.87	9.18	40.9	likely unstable	102.1	0.052	0.123	0.422	0.254	0.347	-1.42
MSLW2_contig_16271_1	183	19.26	6.84	38.0	stable	99.8	0.027	0.195	0.377	0.246	0.317	-1.43
MCW2_contig_245853_2	251	27.02	5.44	45.0	likely unstable	91.1	0.06	0.04	0.343	0.259	0.319	-1.49
PCW1_contig_111608_1	172	18.25	5.17	31.1	stable	97.2	0.076	0.371	0.378	0.209	0.349	-1.5
SCW2_contig_111889_14	259	27.39	5.16	34.9	stable	100.3	0.066	0.283	0.344	0.29	0.351	-1.51
MCW2_contig_363510_1	218	23.36	6.08	42.8	likely unstable	91.8	0.078	0.102	0.353	0.284	0.349	-1.54
SCW1_contig_64911_2	166	17.23	5.47	27.8	stable	117.8	0.036	0.46	0.44	0.253	0.349	-1.56
MCW2_contig_70052_7	269	28.37	5.55	42.1	likely unstable	94.9	0.052	0.121	0.379	0.245	0.32	-1.56
MCW2_contig_162213_1	178	18.41	8.81	37.1	stable	101.6	0.045	0.244	0.376	0.236	0.343	-1.58
PSLW2_contig_89189_8	248	26.84	6.22	38.6	stable	104.8	0.073	0.216	0.419	0.194	0.367	-1.62
SHW1_contig_12514_1	273	30.01	5.05	40.5	likely unstable	109.0	0.059	0.185	0.363	0.264	0.37	-1.7
PSLW2_contig_132512_2	269	28.56	7.9	40.9	likely unstable	95.4	0.063	0.177	0.316	0.29	0.353	-1.7
PSLW2_contig_77853_1	182	19.26	5.2	35.4	stable	100.3	0.06	0.309	0.407	0.269	0.341	-1.71
PSLW2_contig_449369_2	267	29.6	6.41	52.8	likely unstable	97.6	0.071	-0.1	0.412	0.236	0.348	-1.73
SHW1_contig_190057_1	215	22.47	5.05	39.6	stable	101.4	0.056	0.219	0.395	0.279	0.335	-1.76
PHW1_contig_58024_2	273	28.93	6.02	47.2	likely unstable	100.6	0.04	0.041	0.443	0.209	0.311	-1.78
SSLW1_contig_94076_2	233	24.04	5.75	38.5	stable	100.2	0.047	0.248	0.429	0.253	0.305	-1.78
PSLW1_contig_87422_2	257	26.65	5.91	33.0	stable	113.1	0.051	0.382	0.447	0.241	0.335	-1.8
MCW2_contig_12692_2	196	20.27	9.57	38.2	stable	98.0	0.051	0.262	0.449	0.24	0.296	-1.82
SSLW1_contig_154917_2	210	22.86	5.2	47.1	likely unstable	91.6	0.086	0.052	0.386	0.276	0.338	-1.82
MSLW2_contig_187258_2	215	23.66	5.97	45.9	likely unstable	102.3	0.056	0.085	0.428	0.242	0.312	-1.85
MCW1_contig_14112_12	261	27.73	5.26	44.3	likely unstable	91.5	0.065	0.123	0.421	0.218	0.303	-1.85
PHW1_contig_335285_2	259	27.81	6.19	46.6	likely unstable	96.2	0.058	0.074	0.386	0.259	0.332	-1.88
PSLW1_contig_230040_4	255	27.79	5.44	46.7	likely unstable	98.9	0.067	0.074	0.424	0.239	0.345	-1.89
PSLW2_contig_51511_2	212	23.01	6.03	39.8	stable	105.0	0.075	0.244	0.42	0.203	0.349	-1.92
MCW1_contig_198315_1	210	21.92	6.51	40.8	likely unstable	106.6	0.043	0.233	0.39	0.271	0.348	-1.99
PHW2_contig_264332_1	163	17.33	4.53	34.7	stable	105.0	0.067	0.38	0.374	0.233	0.362	-2.0
SCW2_contig_150648_1	297	32.41	6.42	49.1	likely unstable	100.3	0.084	0.038	0.354	0.276	0.35	-2.0
SHW2_contig_240912_4	254	27.29	6.6	45.1	likely unstable	107.6	0.043	0.137	0.374	0.236	0.362	-2.02
PSLW1_contig_217742_2	272	28.23	5.62	38.6	stable	102.8	0.044	0.29	0.412	0.254	0.324	-2.02
SHW1_contig_304584_5	189	20.28	5.48	42.0	likely unstable	102.8	0.074	0.212	0.376	0.27	0.365	-2.03
MCW2_contig_1711_1	169	18.06	6.83	41.5	likely unstable	106.9	0.047	0.231	0.373	0.249	0.349	-2.07
MCW2_contig_120574_3	263	27.21	6.31	45.6	likely unstable	92.5	0.046	0.138	0.354	0.293	0.304	-2.09
MCW2_contig_211894_1	191	20.29	5.04	43.2	likely unstable	105.9	0.058	0.214	0.377	0.251	0.346	-2.19
MHW2_contig_176972_3	263	28.07	6.14	50.5	likely unstable	93.0	0.053	0.054	0.407	0.232	0.289	-2.26
PCW1_contig_40746_2	255	26.29	6.23	44.0	likely unstable	95.9	0.047	0.207	0.404	0.255	0.302	-2.26
PCW1_contig_257934_3	204	20.82	5.84	33.2	stable	107.5	0.044	0.468	0.48	0.27	0.314	-2.28
SHW1_contig_176795_3	338	36.26	6.0	51.0	likely unstable	101.5	0.047	0.055	0.37	0.254	0.331	-2.33
MCW2_contig_275070_3	259	27.26	6.9	45.3	likely unstable	97.7	0.039	0.204	0.398	0.236	0.313	-2.41
MCW1_contig_264975_1	181	19.07	5.69	40.4	likely unstable	102.0	0.066	0.334	0.381	0.276	0.343	-2.48
SCW1_contig_172552_1	205	22.92	10.15	59.9	likely unstable	91.5	0.098	-0.122	0.371	0.249	0.346	-2.51
PCW1_contig_326825_1	212	22.4	5.15	42.9	likely unstable	94.9	0.066	0.29	0.368	0.264	0.354	-2.56
SHW1_contig_286236_1	86	9.54	9.76	59.9	likely unstable	93.1	0.081	-0.098	0.302	0.291	0.349	-2.64
PSLW2_contig_286939_2	153	15.79	4.53	39.8	stable	99.7	0.059	0.383	0.392	0.268	0.366	-2.66
PCW1_contig_397027_1	213	22.19	6.8	43.9	likely unstable	101.4	0.052	0.291	0.357	0.277	0.347	-2.69
PCW1_contig_198608_2	257	27.81	5.41	53.4	likely unstable	95.0	0.066	0.073	0.409	0.268	0.331	-2.73
SHW2_contig_187335_1	205	22.31	6.58	50.3	likely unstable	93.4	0.088	0.177	0.351	0.254	0.346	-2.89
PSLW2_contig_403890_1	178	18.96	5.42	44.8	likely unstable	96.6	0.062	0.32	0.388	0.219	0.315	-2.96
SCW2_contig_111466_2	264	26.77	5.05	44.7	likely unstable	106.8	0.034	0.325	0.432	0.261	0.292	-2.98
PCW1_contig_229326_1	167	17.69	4.65	43.4	likely unstable	94.1	0.084	0.374	0.323	0.287	0.377	-3.07
PCW1_contig_98766_1	168	17.93	7.83	46.5	likely unstable	101.7	0.06	0.345	0.345	0.256	0.339	-3.31
MCW2_contig_226233_1	185	19.43	4.54	44.9	likely unstable	95.0	0.081	0.416	0.346	0.276	0.384	-3.49
MCW1_contig_98775_2	175	18.16	5.75	52.5	likely unstable	111.0	0.051	0.409	0.36	0.309	0.36	-4.41
