gene_id	confidence_tier_phase2	best_reference	reference_tier	pident	coverage_pct	n_samples_detected_of_18	total_tpm	taxonomy_LCA	taxonomy_best_hit_desc	taxonomy_OTU_supported	contig_n_genes	contig_relevant_neighbors	structural_evidence	n_evidence_lines_of_5	composite_score	priority_tier
MCW2_contig_70052_7	Moderate	Toolkit|ToolkitTierA|aromatic_F|CBAD2_ARTSP|Q9LCU3	A	36.9	63.8	6	8.7398	Bacteria;Pseudomonadota;Betaproteobacteria;Burkholderiales;	enoyl-CoA hydratase/isomerase family protein	True	13	1	Screened (priority subset structural model verified for representative family)	5	111.2	Priority 1 (top validation target)
MSLW2_contig_118078_2	Moderate	Toolkit|ToolkitTierA|aromatic_F|CBAD2_ARTSP|Q9LCU3	A	34.8	65.6	5	2.3725	Unknown	enoyl-CoA hydratase/isomerase family protein	True	11	1	Screened (priority subset structural model verified for representative family)	5	111.0	Priority 1 (top validation target)
PCW1_contig_257934_3	Moderate	Toolkit|ToolkitTierA|aromatic_F|CBAD2_ARTSP|Q9LCU3	A	33.3	65.2	4	1.407	Unknown	enoyl-CoA hydratase/isomerase family protein	True	11	4	Screened (priority subset structural model verified for representative family)	5	110.0	Priority 1 (top validation target)
PHW1_contig_198306_12	Moderate	Toolkit|ToolkitTierA|aromatic_F|CBAD1_ARTSP|O85078	A	28.6	69.6	9	2.3312	Bacteria;Pseudomonadota;Betaproteobacteria;Burkholderiales;Comamonadaceae;	enoyl-CoA hydratase/isomerase family protein	True	13	3	Screened (priority subset structural model verified for representative family)	5	109.9	Priority 1 (top validation target)
SSLW2_contig_131437_2	Moderate	Toolkit|ToolkitTierA|aromatic_F|CBAD2_ARTSP|Q9LCU3	A	30.1	66.3	6	1.708	Bacteria;Pseudomonadota;Gammaproteobacteria;Moraxellales;Moraxellaceae;Acinetobacter;	crotonase/enoyl-CoA hydratase family protein	True	7	1	Screened (priority subset structural model verified for representative family)	5	109.0	Priority 1 (top validation target)
MCW2_contig_123689_7	Moderate	Toolkit|ToolkitTierA|aromatic_F|CBAD1_ARTSP|O85078	A	28.1	67.0	3	1.5653	Bacteria;Pseudomonadota;Gammaproteobacteria;Pseudomonadales;Pseudomonadaceae;Pseudomonas;	crotonase/enoyl-CoA hydratase family protein	True	7	1	Screened (priority subset structural model verified for representative family)	5	108.2	Priority 1 (top validation target)
SHW2_contig_240912_4	Moderate	Toolkit|ToolkitTierA|aromatic_F|CBADH_PSEUC|A5JTM5	A	26.7	66.9	13	11.8234	Bacteria;Pseudomonadota;Betaproteobacteria;Burkholderiales;Comamonadaceae;	enoyl-CoA hydratase	True	4	1	Screened (priority subset structural model verified for representative family)	5	107.4	Priority 1 (top validation target)
PCW1_contig_209167_5	Moderate	Toolkit|ToolkitTierA|aromatic_F|CBAD2_ARTSP|Q9LCU3	A	25.9	61.6	3	3.2352	Bacteria;Pseudomonadota;Betaproteobacteria;	6-oxocyclohex-1-ene-1-carbonyl-CoA hydrolase	True	7	2	Screened (priority subset structural model verified for representative family)	5	104.4	Priority 1 (top validation target)
PCW1_contig_317704_1	Moderate	Toolkit|ToolkitTierA|aromatic_F|CBAD1_ARTSP|O85078	A	26.9	58.0	13	3.1958	Bacteria;Pseudomonadota;Gammaproteobacteria;Pseudomonadales;Pseudomonadaceae;Pseudomonas;	fatty acid oxidation complex subunit alpha FadB	True	3	1	Screened (priority subset structural model verified for representative family)	5	103.0	Priority 1 (top validation target)
PSLW2_contig_404372_2	Moderate	Toolkit|ToolkitTierA|acetate_F|3UMB|Q8XZN3	A	60.9	67.0	3	1.4463	Unknown	haloacid dehalogenase type II	True	2	0	Screened (priority subset structural model verified for representative family)	4	110.9	Priority 1 (top validation target)
MHW1_contig_254094_13	Moderate	Toolkit|ToolkitTierA|aromatic_F|CBAD2_ARTSP|Q9LCU3	A	33.3	68.5	2	9.6341	Bacteria;Pseudomonadota;Gammaproteobacteria;Pseudomonadales;Pseudomonadaceae;Pseudomonas;	crotonase/enoyl-CoA hydratase family protein	True	18	3	Screened (priority subset structural model verified for representative family)	4	101.9	Priority 1 (top validation target)
PCW1_contig_85028_1	Moderate	Toolkit|ToolkitTierA|aromatic_F|CBAD1_ARTSP|O85078	A	33.3	65.2	1	0.139	Unknown	enoyl-CoA hydratase/isomerase family protein	True	2	1	Screened (priority subset structural model verified for representative family)	4	100.0	Priority 1 (top validation target)
PSLW1_contig_109490_2	Moderate	Toolkit|ToolkitTierA|aromatic_F|CBAD2_ARTSP|Q9LCU3	A	36.1	69.2	11	2.881	Bacteria;Pseudomonadota;Betaproteobacteria;Rhodocyclales;Zoogloeaceae;	enoyl-CoA hydratase	True	2	0	Screened (priority subset structural model verified for representative family)	4	98.8	Priority 1 (top validation target)
PCW1_contig_104348_2	Moderate	Toolkit|ToolkitTierA|acetate_F|3UMB|Q8XZN3	A	42.1	62.2	3	0.8239	Unknown	haloacid dehalogenase type II	True	2	0	Screened (priority subset structural model verified for representative family)	4	98.2	Priority 1 (top validation target)
PSLW2_contig_458013_1	Moderate	Toolkit|ToolkitTierA|aromatic_F|CBAD1_ARTSP|O85078	A	27.2	66.7	1	0.5064	Bacteria;Bacteroidota;Flavobacteriia;Flavobacteriales;Weeksellaceae;	1,4-dihydroxy-2-naphthoyl-CoA synthase	True	2	1	Screened (priority subset structural model verified for representative family)	4	97.5	Priority 1 (top validation target)
SHW2_contig_35821_1	Moderate	Toolkit|ToolkitTierA|aromatic_F|CBAD2_ARTSP|Q9LCU3	A	33.7	68.8	3	0.2318	Bacteria;Pseudomonadota;	p-hydroxycinnamoyl CoA hydratase/lyase	True	1	0	Screened (priority subset structural model verified for representative family)	4	97.2	Priority 1 (top validation target)
SHW2_contig_223093_2	Moderate	Toolkit|ToolkitTierA|aromatic_F|CBAD2_ARTSP|Q9LCU3	A	34.0	68.1	6	1.8442	Bacteria;Pseudomonadota;Gammaproteobacteria;Xanthomonadales;Xanthomonadaceae;Stenotrophomonas;	3-hydroxyacyl-CoA dehydrogenase	True	5	0	Screened (priority subset structural model verified for representative family)	4	96.8	Priority 1 (top validation target)
PCW1_contig_8334_2	Moderate	TierA|HAD|P2_P6|Gordonibacter_Guopingia|WP_178618037.1	A	29.3	63.3	1	0.9566	Bacteria;Pseudomonadota;Gammaproteobacteria;Xanthomonadales;Xanthomonadaceae;Thermomonas;	HAD-IA family hydrolase	True	2	1	Screened (priority subset structural model verified for representative family)	4	96.8	Priority 1 (top validation target)
SHW2_contig_229815_1	Moderate	Toolkit|ToolkitTierA|aromatic_F|CBADH_PSEUC|A5JTM5	A	32.8	69.1	6	1.5203	Bacteria;Pseudomonadota;Betaproteobacteria;Burkholderiales;Comamonadaceae;	MULTISPECIES: 2-ketocyclohexanecarboxyl-CoA hydrolase	True	1	0	Screened (priority subset structural model verified for representative family)	4	96.7	Priority 1 (top validation target)
PCW1_contig_86044_1	Moderate	Toolkit|ToolkitTierA|aromatic_F|CBADH_PSEUC|A5JTM5	A	34.1	66.5	4	2.2984	Bacteria;Pseudomonadota;Alphaproteobacteria;Rhodobacterales;Paracoccaceae;	enoyl-CoA hydratase	True	1	0	Screened (priority subset structural model verified for representative family)	4	96.3	Priority 1 (top validation target)
SHW1_contig_15215_1	Moderate	Toolkit|ToolkitTierA|aromatic_F|CBAD1_ARTSP|O85078	A	31.7	68.5	5	1.0314	Bacteria;Pseudomonadota;Alphaproteobacteria;Caulobacterales;Caulobacteraceae;Phenylobacterium;	MULTISPECIES: enoyl-CoA hydratase	True	1	0	Screened (priority subset structural model verified for representative family)	4	96.2	Priority 1 (top validation target)
MCW2_contig_226233_1	Moderate	Toolkit|ToolkitTierA|aromatic_F|CBAD2_ARTSP|Q9LCU3	A	36.4	63.8	3	0.5373	Bacteria;Pseudomonadota;Betaproteobacteria;Burkholderiales;Comamonadaceae;Acidovorax;	enoyl-CoA hydratase	True	1	0	Screened (priority subset structural model verified for representative family)	4	96.1	Priority 1 (top validation target)
PHW1_contig_335285_2	Moderate	Toolkit|ToolkitTierA|aromatic_F|CBADH_PSEUC|A5JTM5	A	31.0	68.4	9	1.4548	Bacteria;Pseudomonadota;Betaproteobacteria;Burkholderiales;Comamonadaceae;Ottowia;	enoyl-CoA hydratase	True	2	0	Screened (priority subset structural model verified for representative family)	4	95.5	Priority 1 (top validation target)
PSLW2_contig_133590_3	Moderate	Toolkit|ToolkitTierA|aromatic_F|CBAD2_ARTSP|Q9LCU3	A	29.8	69.2	5	1.3699	Bacteria;Bacteroidota;Flavobacteriia;Flavobacteriales;Weeksellaceae;Chryseobacterium;	enoyl-CoA hydratase	True	3	0	Screened (priority subset structural model verified for representative family)	4	95.4	Priority 1 (top validation target)
MCW2_contig_102209_2	Moderate	Toolkit|ToolkitTierA|aromatic_F|CBAD2_ARTSP|Q9LCU3	A	29.7	69.6	8	1.824	Bacteria;Pseudomonadota;Betaproteobacteria;Rhodocyclales;	crotonase	True	1	0	Screened (priority subset structural model verified for representative family)	4	95.3	Priority 1 (top validation target)
MSLW2_contig_386653_2	Moderate	Toolkit|ToolkitTierA|aromatic_F|CBADH_PSEUC|A5JTM5	A	31.0	68.4	4	0.6806	Bacteria;Pseudomonadota;Betaproteobacteria;Nitrosomonadales;Sterolibacteriaceae;Methyloversatilis;	Alpha-subunit of fatty acid oxidation complex	True	1	0	Screened (priority subset structural model verified for representative family)	4	95.3	Priority 1 (top validation target)
MSLW2_contig_220753_2	Moderate	Toolkit|ToolkitTierA|aromatic_F|CBAD2_ARTSP|Q9LCU3	A	29.9	67.8	6	1.7395	Unknown	enoyl-CoA hydratase/isomerase family protein	True	1	0	Screened (priority subset structural model verified for representative family)	4	94.8	Priority 1 (top validation target)
PSLW2_contig_399930_1	Moderate	Toolkit|ToolkitTierA|aromatic_F|CBAD1_ARTSP|O85078	A	28.9	68.8	5	0.6856	Bacteria;Pseudomonadota;Betaproteobacteria;Burkholderiales;Comamonadaceae;	MULTISPECIES: crotonase/enoyl-CoA hydratase family protein	True	1	0	Screened (priority subset structural model verified for representative family)	4	94.7	Priority 1 (top validation target)
PHW1_contig_227045_2	Moderate	Toolkit|ToolkitTierA|aromatic_F|CBAD2_ARTSP|Q9LCU3	A	29.1	68.5	5	2.524	Bacteria;Campylobacterota;Epsilonproteobacteria;Campylobacterales;Arcobacteraceae;Arcobacter;	enoyl-CoA hydratase	True	2	0	Screened (priority subset structural model verified for representative family)	4	94.6	Priority 1 (top validation target)
MCW2_contig_219559_1	Moderate	Toolkit|ToolkitTierA|aromatic_F|CBAD2_ARTSP|Q9LCU3	A	30.3	67.0	6	0.7413	Bacteria;Pseudomonadota;Gammaproteobacteria;Moraxellales;Moraxellaceae;Acinetobacter;	MULTISPECIES: crotonase/enoyl-CoA hydratase family protein	True	1	0	Screened (priority subset structural model verified for representative family)	4	94.5	Priority 1 (top validation target)
MSLW2_contig_16271_1	Moderate	Toolkit|ToolkitTierA|aromatic_F|CBAD2_ARTSP|Q9LCU3	A	32.8	64.1	8	1.9313	Bacteria;Pseudomonadota;	enoyl-CoA hydratase	True	2	0	Screened (priority subset structural model verified for representative family)	4	94.3	Priority 1 (top validation target)
SHW1_contig_190057_1	Moderate	Toolkit|ToolkitTierA|aromatic_F|CBAD2_ARTSP|Q9LCU3	A	35.3	61.6	7	0.9929	Bacteria;Pseudomonadota;Gammaproteobacteria;Xanthomonadales;Xanthomonadaceae;	MULTISPECIES: enoyl-CoA hydratase	True	1	0	Screened (priority subset structural model verified for representative family)	4	94.3	Priority 1 (top validation target)
SCW1_contig_293559_1	Moderate	Toolkit|ToolkitTierA|aromatic_F|CBAD1_ARTSP|O85078	A	34.3	62.3	9	7.4765	Bacteria;Pseudomonadota;Betaproteobacteria;Burkholderiales;Comamonadaceae;	enoyl-CoA hydratase	True	1	0	Screened (priority subset structural model verified for representative family)	4	94.2	Priority 1 (top validation target)
SHW1_contig_261816_5	Moderate	Toolkit|ToolkitTierA|aromatic_F|CBAD1_ARTSP|O85078	A	30.9	65.6	12	9.6486	Bacteria;Pseudomonadota;Betaproteobacteria;Burkholderiales;Comamonadaceae;	enoyl-CoA hydratase	True	6	0	Screened (priority subset structural model verified for representative family)	4	94.1	Priority 1 (top validation target)
PCW1_contig_26886_2	Moderate	Toolkit|ToolkitTierA|aromatic_F|CBAD2_ARTSP|Q9LCU3	A	28.0	68.5	6	2.0899	Unknown	enoyl-CoA hydratase/isomerase family protein	True	2	0	Screened (priority subset structural model verified for representative family)	4	94.0	Priority 1 (top validation target)
PCW1_contig_229326_1	Moderate	Toolkit|ToolkitTierA|aromatic_F|CBAD2_ARTSP|Q9LCU3	A	35.1	60.9	7	2.7873	Bacteria;Pseudomonadota;Betaproteobacteria;Burkholderiales;Comamonadaceae;Acidovorax;	enoyl-CoA hydratase	True	1	0	Screened (priority subset structural model verified for representative family)	4	93.9	Priority 1 (top validation target)
MCW1_contig_264975_1	Moderate	Toolkit|ToolkitTierA|aromatic_F|CBAD2_ARTSP|Q9LCU3	A	32.6	63.4	4	1.1672	Bacteria;Pseudomonadota;Betaproteobacteria;Rhodocyclales;Zoogloeaceae;Zoogloea;	enoyl-CoA hydratase	True	1	0	Screened (priority subset structural model verified for representative family)	4	93.9	Priority 1 (top validation target)
MCW1_contig_180552_3	Moderate	Toolkit|ToolkitTierA|aromatic_F|CBAD2_ARTSP|Q9LCU3	A	27.2	69.2	15	5.6321	Bacteria;Actinomycetota;Actinomycetes;Propionibacteriales;Propionibacteriaceae;	1,4-dihydroxy-2-naphthoyl-CoA synthase	True	1	0	Screened (priority subset structural model verified for representative family)	4	93.9	Priority 1 (top validation target)
PCW1_contig_198608_2	Moderate	Toolkit|ToolkitTierA|aromatic_F|CBAD2_ARTSP|Q9LCU3	A	31.6	64.1	7	1.8666	Bacteria;Pseudomonadota;Gammaproteobacteria;Pseudomonadales;Pseudomonadaceae;Pseudomonas;	enoyl-CoA hydratase	True	3	0	Screened (priority subset structural model verified for representative family)	4	93.8	Priority 1 (top validation target)
PHW1_contig_195664_2	Moderate	Toolkit|ToolkitTierA|aromatic_F|CBAD2_ARTSP|Q9LCU3	A	28.5	67.4	14	9.1205	Bacteria;Pseudomonadota;Betaproteobacteria;Burkholderiales;Comamonadaceae;	enoyl-CoA hydratase/isomerase family protein	True	2	0	Screened (priority subset structural model verified for representative family)	4	93.6	Priority 1 (top validation target)
MCW2_contig_84092_1	Moderate	Toolkit|ToolkitTierA|aromatic_F|CBADH_PSEUC|A5JTM5	A	34.1	61.0	5	2.3087	Bacteria;Pseudomonadota;Betaproteobacteria;	1,4-dihydroxy-2-naphthoyl-CoA synthase	True	1	0	Screened (priority subset structural model verified for representative family)	4	93.4	Priority 1 (top validation target)
SCW1_contig_341209_12	Moderate	Toolkit|ToolkitTierA|aromatic_F|CBAD2_ARTSP|Q9LCU3	A	32.4	62.7	16	65.2046	NA	NA	False	12	1	Screened (priority subset structural model verified for representative family)	4	93.4	Priority 1 (top validation target)
PHW1_contig_291361_6	Moderate	Toolkit|ToolkitTierA|aromatic_F|CBAD2_ARTSP|Q9LCU3	A	29.0	66.3	3	2.4133	NA	NA	False	25	1	Screened (priority subset structural model verified for representative family)	4	93.4	Priority 1 (top validation target)
SHW2_contig_106035_3	Moderate	Toolkit|ToolkitTierA|aromatic_F|CBAD1_ARTSP|O85078	A	29.8	65.6	4	1.3762	Bacteria;Pseudomonadota;Betaproteobacteria;Burkholderiales;Comamonadaceae;Acidovorax;	enoyl-CoA hydratase/isomerase family protein	True	2	0	Screened (priority subset structural model verified for representative family)	4	93.4	Priority 1 (top validation target)
MSLW2_contig_187258_2	Moderate	Toolkit|ToolkitTierA|aromatic_F|CBAD2_ARTSP|Q9LCU3	A	30.3	64.5	3	1.1213	Bacteria;Pseudomonadota;Gammaproteobacteria;Aeromonadales;Aeromonadaceae;Aeromonas;	crotonase	True	2	0	Screened (priority subset structural model verified for representative family)	4	93.1	Priority 1 (top validation target)
MCW1_contig_146941_5	Moderate	TierA|FAcD|H-1|Delftia_acidovorans|Q01398	A	25.7	68.7	11	6.557	Bacteria;Thermodesulfobacteriota;Desulfobacteria;Desulfobacterales;Desulfobacteraceae;Desulfobacter;	alpha/beta hydrolase	True	11	0	Screened (priority subset structural model verified for representative family)	4	92.8	Priority 1 (top validation target)
PCW1_contig_73925_1	Moderate	Toolkit|ToolkitTierA|aromatic_F|CBAD2_ARTSP|Q9LCU3	A	31.4	62.3	5	0.8226	Bacteria;Pseudomonadota;Gammaproteobacteria;Xanthomonadales;Xanthomonadaceae;	enoyl-CoA hydratase	True	1	0	Screened (priority subset structural model verified for representative family)	4	92.6	Priority 1 (top validation target)
SHW2_contig_193921_5	Moderate	Toolkit|ToolkitTierA|aromatic_F|CBAD2_ARTSP|Q9LCU3	A	27.2	66.7	10	3.3785	Bacteria;Pseudomonadota;Gammaproteobacteria;	fatty acid oxidation complex subunit alpha FadB	True	5	0	Screened (priority subset structural model verified for representative family)	4	92.6	Priority 1 (top validation target)
SHW1_contig_93216_2	Moderate	Toolkit|ToolkitTierA|aromatic_F|CBADH_PSEUC|A5JTM5	A	26.2	68.0	15	11.5994	Unknown	6-oxocyclohex-1-ene-1-carbonyl-CoA hydratase	True	1	0	Screened (priority subset structural model verified for representative family)	4	92.6	Priority 1 (top validation target)
PCW1_contig_111608_1	Moderate	Toolkit|ToolkitTierA|aromatic_F|CBAD1_ARTSP|O85078	A	32.5	61.2	7	1.5789	Bacteria;Pseudomonadota;Betaproteobacteria;Burkholderiales;Comamonadaceae;Acidovorax;	enoyl-CoA hydratase/isomerase family protein	True	1	0	Screened (priority subset structural model verified for representative family)	4	92.5	Priority 1 (top validation target)
PHW2_contig_264332_1	Moderate	Toolkit|ToolkitTierA|aromatic_F|CBAD1_ARTSP|O85078	A	36.8	56.2	3	1.6816	Bacteria;Pseudomonadota;Alphaproteobacteria;Rhodobacterales;Paracoccaceae;Gemmobacter;	2-(1,2-epoxy-1,2-dihydrophenyl)acetyl-CoA isomerase	True	1	0	Screened (priority subset structural model verified for representative family)	4	92.4	Priority 1 (top validation target)
PCW1_contig_176944_2	Moderate	Toolkit|ToolkitTierA|aromatic_F|CBAD1_ARTSP|O85078	A	28.7	64.5	7	1.2406	Bacteria;Pseudomonadota;Alphaproteobacteria;Rhodobacterales;Paracoccaceae;	crotonobetainyl-CoA hydratase	True	2	0	Screened (priority subset structural model verified for representative family)	4	92.4	Priority 1 (top validation target)
MCW2_contig_162213_1	Moderate	Toolkit|ToolkitTierA|aromatic_F|CBAD1_ARTSP|O85078	A	32.9	60.5	3	1.4833	Bacteria;Pseudomonadota;Betaproteobacteria;Burkholderiales;	hypothetical protein	True	2	0	Screened (priority subset structural model verified for representative family)	4	92.3	Priority 1 (top validation target)
PSLW2_contig_378390_1	Moderate	Toolkit|ToolkitTierA|aromatic_F|CBAD1_ARTSP|O85078	A	29.9	63.0	4	1.4664	Bacteria;Pseudomonadota;Gammaproteobacteria;Xanthomonadales;Xanthomonadaceae;Lysobacter;	enoyl-CoA hydratase	True	1	0	Screened (priority subset structural model verified for representative family)	4	92.2	Priority 1 (top validation target)
PSLW2_contig_112231_3	Moderate	Toolkit|ToolkitTierA|aromatic_F|CBAD2_ARTSP|Q9LCU3	A	27.1	65.6	5	0.8945	Bacteria;Pseudomonadota;Gammaproteobacteria;Chromatiales;Chromatiaceae;	fatty acid oxidation complex subunit alpha FadB	True	3	0	Screened (priority subset structural model verified for representative family)	4	92.0	Priority 1 (top validation target)
PSLW2_contig_198032_1	Moderate	Toolkit|ToolkitTierA|aromatic_F|CBAD2_ARTSP|Q9LCU3	A	35.0	56.9	3	1.1851	Bacteria;Bacteroidota;Flavobacteriia;Flavobacteriales;Flavobacteriaceae;	2-(1,2-epoxy-1,2-dihydrophenyl)acetyl-CoA isomerase	True	1	0	Screened (priority subset structural model verified for representative family)	4	91.9	Priority 1 (top validation target)
MHW2_contig_54696_8	Moderate	Toolkit|ToolkitTierA|aromatic_F|CBAD2_ARTSP|Q9LCU3	A	27.7	64.1	7	1.8767	NA	NA	False	12	1	Screened (priority subset structural model verified for representative family)	4	91.6	Priority 1 (top validation target)
SCW1_contig_191739_2	Moderate	Toolkit|ToolkitTierA|aromatic_F|CBAD2_ARTSP|Q9LCU3	A	27.7	64.1	9	21.3684	Bacteria;Pseudomonadota;Betaproteobacteria;Burkholderiales;Comamonadaceae;Acidovorax;	enoyl-CoA hydratase/isomerase family protein	True	1	0	Screened (priority subset structural model verified for representative family)	4	91.5	Priority 1 (top validation target)
MSLW2_contig_220449_2	Moderate	Toolkit|ToolkitTierA|aromatic_F|CBAD2_ARTSP|Q9LCU3	A	28.7	63.0	16	11.2807	Bacteria;Pseudomonadota;Betaproteobacteria;Burkholderiales;Comamonadaceae;Acidovorax;	enoyl-CoA hydratase/isomerase family protein	True	2	0	Screened (priority subset structural model verified for representative family)	4	91.5	Priority 1 (top validation target)
MCW2_contig_317249_1	Moderate	Toolkit|ToolkitTierA|aromatic_F|CBADH_PSEUC|A5JTM5	A	30.7	60.6	7	5.1567	Bacteria;Pseudomonadota;Betaproteobacteria;	1,4-dihydroxy-2-naphthoyl-CoA synthase	True	2	0	Screened (priority subset structural model verified for representative family)	4	91.4	Priority 1 (top validation target)
PHW1_contig_85863_1	Moderate	Toolkit|ToolkitTierA|aromatic_F|CBAD1_ARTSP|O85078	A	30.4	60.9	6	0.8079	Bacteria;Pseudomonadota;Betaproteobacteria;Burkholderiales;Comamonadaceae;	enoyl-CoA hydratase	True	1	0	Screened (priority subset structural model verified for representative family)	4	91.3	Priority 1 (top validation target)
SHW2_contig_193215_2	Moderate	Toolkit|ToolkitTierA|aromatic_F|CBAD1_ARTSP|O85078	A	26.0	65.6	14	9.8888	Bacteria;Pseudomonadota;Gammaproteobacteria;Pseudomonadales;Pseudomonadaceae;Pseudomonas;	MULTISPECIES: fatty acid oxidation complex subunit alpha FadB	True	6	0	Screened (priority subset structural model verified for representative family)	4	91.3	Priority 1 (top validation target)
PSLW2_contig_422371_1	Moderate	Toolkit|ToolkitTierA|aromatic_F|CBAD1_ARTSP|O85078	A	35.3	55.4	12	10.5671	Bacteria;Pseudomonadota;Betaproteobacteria;Rhodocyclales;	2-(1,2-epoxy-1,2-dihydrophenyl)acetyl-CoA isomerase	True	1	0	Screened (priority subset structural model verified for representative family)	4	91.2	Priority 1 (top validation target)
SCW1_contig_47089_1	Moderate	Toolkit|ToolkitTierA|aromatic_F|CBAD2_ARTSP|Q9LCU3	A	27.6	63.0	8	3.1118	Bacteria;Pseudomonadota;Betaproteobacteria;Burkholderiales;	3-hydroxyacyl-CoA dehydrogenase	True	2	0	Screened (priority subset structural model verified for representative family)	4	91.0	Priority 1 (top validation target)
SCW1_contig_311453_3	Moderate	Toolkit|ToolkitTierA|aromatic_F|CBADH_PSEUC|A5JTM5	A	28.0	62.5	12	19.3613	Bacteria;Pseudomonadota;Betaproteobacteria;Burkholderiales;Comamonadaceae;	3-hydroxyacyl-CoA dehydrogenase	True	3	0	Screened (priority subset structural model verified for representative family)	4	90.9	Priority 1 (top validation target)
PHW1_contig_338226_1	Moderate	Toolkit|ToolkitTierA|aromatic_F|CBADH_PSEUC|A5JTM5	A	28.9	61.7	4	1.5529	Bacteria;Bacteroidota;Flavobacteriia;Flavobacteriales;Flavobacteriaceae;Flavobacterium;	enoyl-CoA hydratase	True	2	0	Screened (priority subset structural model verified for representative family)	4	90.9	Priority 1 (top validation target)
SCW1_contig_64911_2	Moderate	Toolkit|ToolkitTierA|aromatic_F|CBAD2_ARTSP|Q9LCU3	A	33.3	56.5	5	1.0748	Bacteria;Pseudomonadota;Betaproteobacteria;Burkholderiales;Comamonadaceae;Alicycliphilus;	enoyl-CoA hydratase	True	1	0	Screened (priority subset structural model verified for representative family)	4	90.8	Priority 1 (top validation target)
MCW2_contig_294270_1	Moderate	Toolkit|ToolkitTierA|aromatic_F|CBAD1_ARTSP|O85078	A	26.9	63.4	6	1.9481	Bacteria;Actinomycetota;Actinomycetes;Micrococcales;	1,4-dihydroxy-2-naphthoyl-CoA synthase	True	1	0	Screened (priority subset structural model verified for representative family)	4	90.7	Priority 1 (top validation target)
PSLW2_contig_403890_1	Moderate	Toolkit|ToolkitTierA|aromatic_F|CBADH_PSEUC|A5JTM5	A	28.0	62.5	4	1.026	Unknown	Enoyl-CoA hydratase/isomerase	True	1	0	Screened (priority subset structural model verified for representative family)	4	90.7	Priority 1 (top validation target)
PHW1_contig_160984_1	Moderate	Toolkit|ToolkitTierA|aromatic_F|CBAD1_ARTSP|O85078	A	30.7	59.1	13	2.4747	Unknown	crotonase	True	1	0	Screened (priority subset structural model verified for representative family)	4	90.6	Priority 1 (top validation target)
MCW2_contig_12393_1	Moderate	Toolkit|ToolkitTierA|aromatic_F|CBAD1_ARTSP|O85078	A	28.6	60.9	8	2.7675	Bacteria;Pseudomonadota;Betaproteobacteria;	enoyl-CoA hydratase/isomerase family protein	True	2	0	Screened (priority subset structural model verified for representative family)	4	90.5	Priority 1 (top validation target)
PCW1_contig_113707_5	Moderate	Toolkit|ToolkitTierA|aromatic_F|CBAD2_ARTSP|Q9LCU3	A	26.4	63.0	6	4.2046	Bacteria;Bacteroidota;Chitinophagia;Chitinophagales;Chitinophagaceae;	enoyl-CoA hydratase	False	11	3	Screened (priority subset structural model verified for representative family)	4	90.4	Priority 1 (top validation target)
PCW2_contig_73043_1	Moderate	Toolkit|ToolkitTierA|aminoacid_F|WHM00222.1_hydrolase,_partial_[Serratia_|WHM00222.1	A	25.1	64.8	5	1.553	Bacteria;Pseudomonadota;Gammaproteobacteria;Moraxellales;Moraxellaceae;Acinetobacter;	alpha/beta hydrolase	True	1	0	Screened (priority subset structural model verified for representative family)	4	90.4	Priority 1 (top validation target)
MHW1_contig_192185_1	Moderate	PZP66635.1	A	27.8	61.5	3	0.8445	Bacteria;Pseudomonadota;Betaproteobacteria;Burkholderiales;Comamonadaceae;Comamonas;	HAD family hydrolase	True	1	0	Screened (priority subset structural model verified for representative family)	4	90.1	Priority 1 (top validation target)
SHW2_contig_302774_1	Moderate	Toolkit|ToolkitTierA|aromatic_F|CBADH_PSEUC|A5JTM5	A	28.6	59.9	4	1.4505	Bacteria;Pseudomonadota;Betaproteobacteria;Burkholderiales;Comamonadaceae;Acidovorax;	3-hydroxyacyl-CoA dehydrogenase	True	1	0	Screened (priority subset structural model verified for representative family)	4	89.8	Priority 1 (top validation target)
SSLW1_contig_155873_1	Moderate	Toolkit|ToolkitTierA|aromatic_F|CBAD2_ARTSP|Q9LCU3	A	28.8	59.1	3	0.4509	Bacteria;Pseudomonadota;Betaproteobacteria;Rhodocyclales;Zoogloeaceae;Thauera;	crotonase	True	1	0	Screened (priority subset structural model verified for representative family)	4	89.6	Priority 1 (top validation target)
PHW1_contig_201423_2	Moderate	TierA|HAD|Rha0230|Rhodococcus_jostii_RHA1|PDB_3UMG	A	27.1	61.0	5	1.993	Bacteria;Pseudomonadota;Betaproteobacteria;Burkholderiales;Comamonadaceae;Acidovorax;	phosphoglycolate phosphatase	True	2	0	Screened (priority subset structural model verified for representative family)	4	89.5	Priority 1 (top validation target)
MSLW1_contig_162999_2	Moderate	Toolkit|ToolkitTierA|aromatic_F|CBAD2_ARTSP|Q9LCU3	A	28.0	59.4	16	7.838	Bacteria;Pseudomonadota;Betaproteobacteria;Rhodocyclales;Zoogloeaceae;Thauera;	crotonase	True	1	0	Screened (priority subset structural model verified for representative family)	4	89.3	Priority 1 (top validation target)
MCW2_contig_289819_1	Moderate	Toolkit|ToolkitTierA|aromatic_F|CBAD1_ARTSP|O85078	A	28.4	58.7	4	1.8198	Bacteria;Pseudomonadota;Betaproteobacteria;Burkholderiales;Sphaerotilaceae;Rubrivivax;Rubrivivax_sp.;	3-hydroxyacyl-CoA dehydrogenase	True	1	0	Screened (priority subset structural model verified for representative family)	4	89.2	Priority 1 (top validation target)
PHW2_contig_23433_8	Moderate	Toolkit|ToolkitTierA|acetate_F|3UMB|Q8XZN3	A	27.0	60.5	9	24.8607	Bacteria;Pseudomonadota;Betaproteobacteria;Burkholderiales;Comamonadaceae;Acidovorax;	HAD-IIIA family hydrolase	True	5	0	Screened (priority subset structural model verified for representative family)	4	89.2	Priority 1 (top validation target)
SHW2_contig_328681_1	Moderate	Toolkit|ToolkitTierA|aromatic_F|CBAD1_ARTSP|O85078	A	30.3	56.2	13	4.3304	Bacteria;Pseudomonadota;Betaproteobacteria;Burkholderiales;Comamonadaceae;Ottowia;	2-(1,2-epoxy-1,2-dihydrophenyl)acetyl-CoA isomerase	True	2	0	Screened (priority subset structural model verified for representative family)	4	88.9	Priority 1 (top validation target)
PHW2_contig_149792_2	Moderate	TierA|HAD|Raoultibacter_phocaeensis|Raoultibacter_phocaeensis|WP_139652913.1	A	26.1	60.6	6	1.4915	Bacteria;Pseudomonadota;Betaproteobacteria;Burkholderiales;Comamonadaceae;Acidovorax;	HAD family hydrolase	True	1	0	Screened (priority subset structural model verified for representative family)	4	88.8	Priority 1 (top validation target)
PCW1_contig_109205_1	Moderate	Toolkit|ToolkitTierA|aromatic_F|CBAD2_ARTSP|Q9LCU3	A	28.0	58.3	16	14.4241	Bacteria;Pseudomonadota;Betaproteobacteria;Rhodocyclales;Zoogloeaceae;Thauera;	NAD-binding 3-hydroxyacyl-CoA dehydrogenase	True	1	0	Screened (priority subset structural model verified for representative family)	4	88.7	Priority 1 (top validation target)
PHW1_contig_64803_3	Moderate	TierA|HAD|Raoultibacter_phocaeensis|Raoultibacter_phocaeensis|WP_139652913.1	A	27.9	58.4	6	1.7818	Bacteria;Pseudomonadota;Betaproteobacteria;	HAD family hydrolase	True	2	0	Screened (priority subset structural model verified for representative family)	4	88.6	Priority 1 (top validation target)
SHW2_contig_258732_1	Moderate	Toolkit|ToolkitTierA|aromatic_F|ATZA_PSESD|P72156	A	26.4	59.1	6	1.0504	Bacteria;Pseudomonadota;Gammaproteobacteria;Xanthomonadales;Xanthomonadaceae;Xanthomonas;	TRZ/ATZ family hydrolase	True	2	0	Screened (priority subset structural model verified for representative family)	4	88.4	Priority 1 (top validation target)
MCW2_contig_362899_1	Moderate	Toolkit|ToolkitTierA|aromatic_F|CBAD1_ARTSP|O85078	A	27.8	57.2	10	3.3795	Bacteria;Pseudomonadota;Betaproteobacteria;Rhodocyclales;Zoogloeaceae;Zoogloea;	crotonase/enoyl-CoA hydratase family protein	True	1	0	Screened (priority subset structural model verified for representative family)	4	88.3	Priority 1 (top validation target)
PSLW2_contig_251013_1	Moderate	Toolkit|ToolkitTierA|aromatic_F|CBAD1_ARTSP|O85078	A	28.0	56.9	4	1.1178	Bacteria;Pseudomonadota;Gammaproteobacteria;Aeromonadales;Aeromonadaceae;Aeromonas;	1,4-Dihydroxy-2-naphthoyl-CoA synthase	True	1	0	Screened (priority subset structural model verified for representative family)	4	88.0	Priority 1 (top validation target)
PCW2_contig_250718_1	Moderate	Toolkit|ToolkitTierA|aromatic_F|CBADH_PSEUC|A5JTM5	A	27.8	56.1	6	2.1326	Bacteria;Actinomycetota;Actinomycetes;Mycobacteriales;Corynebacteriaceae;Corynebacterium;	enoyl-CoA hydratase/isomerase family protein	True	1	0	Screened (priority subset structural model verified for representative family)	4	87.5	Priority 1 (top validation target)
SHW2_contig_128953_1	Moderate	Toolkit|ToolkitTierA|aromatic_F|ATZA_PSESD|P72156	A	26.8	55.9	5	1.0307	Bacteria;Pseudomonadota;Alphaproteobacteria;Hyphomicrobiales;Boseaceae;Bosea;	amidohydrolase family protein	True	1	0	Screened (priority subset structural model verified for representative family)	4	87.2	Priority 1 (top validation target)
PCW1_contig_107465_11	Moderate	Toolkit|ToolkitTierA|aromatic_F|CBADH_PSEUC|A5JTM5	A	28.4	55.0	16	14.8102	Unknown	enoyl-CoA hydratase/isomerase family protein	True	10	0	Screened (priority subset structural model verified for representative family)	4	87.2	Priority 1 (top validation target)
MSLW2_contig_110351_2	Moderate	TierA|HAD|P2_P6|Gordonibacter_Guopingia|WP_178618037.1	A	28.2	55.3	12	6.9931	Bacteria;Pseudomonadota;Betaproteobacteria;Burkholderiales;Comamonadaceae;Acidovorax;	phosphoglycolate phosphatase	True	4	0	Screened (priority subset structural model verified for representative family)	4	87.2	Priority 1 (top validation target)
MCW2_contig_310412_1	Moderate	Toolkit|ToolkitTierA|aromatic_F|CBAD1_ARTSP|O85078	A	26.5	56.2	8	1.6801	Bacteria;Pseudomonadota;Gammaproteobacteria;Moraxellales;Moraxellaceae;Acinetobacter;	fatty acid oxidation complex subunit alpha FadB	True	1	0	Screened (priority subset structural model verified for representative family)	4	87.0	Priority 1 (top validation target)
SHW1_contig_304584_5	Moderate	TierA|HAD|Raoultibacter_phocaeensis|Raoultibacter_phocaeensis|WP_139652913.1	A	26.8	55.7	13	7.0097	Bacteria;Pseudomonadota;	HAD-IA family hydrolase	True	5	0	Screened (priority subset structural model verified for representative family)	4	86.7	Priority 1 (top validation target)
SSLW1_contig_401094_13	Moderate	TierA|FAcD|H-1|Delftia_acidovorans|Q01398	A	38.8	39.5	7	4.1124	NA	NA	False	10	3	Screened (priority subset structural model verified for representative family)	4	85.0	Priority 1 (top validation target)
PCW1_contig_427374_2	Moderate	TierA|FAcD|H-1|Delftia_acidovorans|Q01398	A	37.6	39.8	8	1.5474	Unknown	hypothetical protein AD742_20070	True	1	0	Screened (priority subset structural model verified for representative family)	4	84.5	Priority 1 (top validation target)
MHW1_contig_14349_9	Moderate	TierA|FAcD|RPA1163|Rhodopseudomonas_palustris|PDB_5SWN	A	30.1	41.4	7	4.5358	NA	NA	False	17	3	Screened (priority subset structural model verified for representative family)	4	81.4	Priority 1 (top validation target)
SSLW1_contig_55017_9	Moderate	TierA|FAcD|H-1|Delftia_acidovorans|Q01398	A	24.3	102.0	11	9.1924	NA	NA	False	7	0	Screened (priority subset structural model verified for representative family)	3	93.9	Priority 2
MSLW2_contig_169078_1	Moderate	Toolkit|ToolkitTierA|acetate_F|Q6NAM1_DEHA_Rhodopseudomonas_palustris|Q6NAM1	A	28.9	94.0	10	2.4695	Bacteria;Thermodesulfobacteriota;Syntrophia;Syntrophales;	alpha/beta hydrolase	False	2	0	Screened (priority subset structural model verified for representative family)	3	92.3	Priority 2
PSLW2_contig_414679_1	Moderate	TierA|FAcD|H-1|Delftia_acidovorans|Q01398	A	26.8	93.9	5	0.4012	Unknown	alpha/beta fold hydrolase	False	2	0	Screened (priority subset structural model verified for representative family)	3	91.0	Priority 2
PCW2_contig_14374_31	Moderate	Toolkit|ToolkitTierA|aromatic_F|CBADH_PSEUC|A5JTM5	A	33.5	67.7	2	2.8093	Bacteria;Bacteroidota;Bacteroidia;Bacteroidales;	1,4-dihydroxy-2-naphthoyl-CoA synthase	False	35	2	Screened (priority subset structural model verified for representative family)	3	86.4	Priority 2
PCW2_contig_241057_2	Moderate	Toolkit|ToolkitTierA|aromatic_F|CBAD2_ARTSP|Q9LCU3	A	33.3	66.3	2	1.1705	Bacteria;Bacteroidota;Bacteroidia;	1,4-dihydroxy-2-naphthoyl-CoA synthase	False	4	1	Screened (priority subset structural model verified for representative family)	3	85.7	Priority 2
MCW2_contig_249753_2	Moderate	Toolkit|ToolkitTierA|aromatic_F|CBADH_PSEUC|A5JTM5	A	31.8	66.5	1	0.7066	Bacteria;Pseudomonadota;Betaproteobacteria;Rhodocyclales;	enoyl-CoA hydratase	True	2	0	Screened (priority subset structural model verified for representative family)	3	85.0	Priority 2
SHW2_contig_214211_1	Moderate	Toolkit|ToolkitTierA|aromatic_F|CBADH_PSEUC|A5JTM5	A	30.1	68.0	2	0.7462	Bacteria;Pseudomonadota;Alphaproteobacteria;Rhodobacterales;Paracoccaceae;Paracoccus;	enoyl-CoA hydratase	True	2	0	Screened (priority subset structural model verified for representative family)	3	84.7	Priority 2
PSLW2_contig_426139_1	Moderate	Toolkit|ToolkitTierA|aromatic_F|CBAD2_ARTSP|Q9LCU3	A	31.3	65.9	2	0.4317	Unknown	enoyl-CoA hydratase	True	3	0	Screened (priority subset structural model verified for representative family)	3	84.6	Priority 2
SHW2_contig_253092_1	Moderate	Toolkit|ToolkitTierA|aromatic_F|CBAD2_ARTSP|Q9LCU3	A	29.3	68.1	2	0.6005	Bacteria;Pseudomonadota;Gammaproteobacteria;	enoyl-CoA hydratase	True	1	0	Screened (priority subset structural model verified for representative family)	3	84.5	Priority 2
PCW1_contig_173648_1	Moderate	Toolkit|ToolkitTierA|aromatic_F|CBADH_PSEUC|A5JTM5	A	37.0	68.4	6	1.3138	Bacteria;Pseudomonadota;Alphaproteobacteria;Rhodospirillales;Acetobacteraceae;	crotonase/enoyl-CoA hydratase family protein	False	1	0	Screened (priority subset structural model verified for representative family)	3	83.7	Priority 2
PCW2_contig_127234_2	Moderate	Toolkit|ToolkitTierA|aromatic_F|CBAD2_ARTSP|Q9LCU3	A	28.8	66.7	1	1.1119	Unknown	fatty acid oxidation complex subunit alpha FadJ	True	1	0	Screened (priority subset structural model verified for representative family)	3	83.4	Priority 2
PSLW1_contig_197343_2	Moderate	Toolkit|ToolkitTierA|aromatic_F|CBAD1_ARTSP|O85078	A	30.3	64.5	2	1.0149	Bacteria;Pseudomonadota;Gammaproteobacteria;Oceanospirillales;Oceanospirillaceae;Marinobacterium;	enoyl-CoA hydratase/isomerase family protein	True	2	0	Screened (priority subset structural model verified for representative family)	3	83.2	Priority 2
PSLW1_contig_257700_2	Moderate	PZP66635.1	A	28.0	67.1	1	0.6194	Unknown	HAD family hydrolase	True	2	0	Screened (priority subset structural model verified for representative family)	3	83.1	Priority 2
MCW1_contig_125716_1	Moderate	Toolkit|ToolkitTierA|aromatic_F|BCRD_THAAR|O87877	A	42.7	60.6	4	1.4838	Unknown	2-hydroxyglutaryl-CoA dehydratase	False	1	0	Screened (priority subset structural model verified for representative family)	3	83.0	Priority 2
MHW1_contig_107709_1	Moderate	Toolkit|ToolkitTierA|aromatic_F|CBADH_PSEUC|A5JTM5	A	35.0	68.0	3	1.0594	Unknown	enoyl-CoA hydratase	False	1	0	Screened (priority subset structural model verified for representative family)	3	82.3	Priority 2
MHW2_contig_310594_1	Moderate	TierA|DEF2|Dechloromonas_aromatica_RCB|Dechloromonas_aromatica|PDB_8SDC	A	29.6	72.7	7	1.2862	Unknown	alpha/beta hydrolase	False	1	0	Screened (priority subset structural model verified for representative family)	3	82.1	Priority 2
PSLW1_contig_287040_1	Moderate	Toolkit|ToolkitTierA|aromatic_F|BCRA_THAAR|O87876	A	26.9	65.3	2	0.7301	Unknown	ATPase	True	1	0	Screened (priority subset structural model verified for representative family)	3	82.0	Priority 2
MSLW2_contig_77113_2	Moderate	TierA|FAcD|DehH1_FA1|Burkholderia_sp_FA1|Q1JU72	A	34.0	67.8	8	1.2785	NA	NA	False	1	0	Screened (priority subset structural model verified for representative family)	3	81.9	Priority 2
SCW1_contig_172552_1	Moderate	TierA|FAcD|DehH1_FA1|Burkholderia_sp_FA1|Q1JU72	A	34.7	66.4	7	1.6353	NA	NA	False	1	0	Screened (priority subset structural model verified for representative family)	3	81.5	Priority 2
PSLW2_contig_51511_2	Moderate	Toolkit|ToolkitTierA|aromatic_F|CBAD1_ARTSP|O85078	A	30.5	60.5	1	0.3404	Unknown	enoyl-CoA hydratase	True	2	0	Screened (priority subset structural model verified for representative family)	3	81.4	Priority 2
PSLW2_contig_77853_1	Moderate	Toolkit|ToolkitTierA|aromatic_F|CBAD1_ARTSP|O85078	A	29.2	62.0	2	0.9143	Unknown	enoyl-CoA hydratase	True	1	0	Screened (priority subset structural model verified for representative family)	3	81.4	Priority 2
PHW1_contig_90782_1	Moderate	Toolkit|ToolkitTierA|aromatic_F|CBAD1_ARTSP|O85078	A	27.0	64.5	2	0.9116	Bacteria;Campylobacterota;Epsilonproteobacteria;Campylobacterales;Arcobacteraceae;Arcobacter;	enoyl-CoA hydratase	True	1	0	Screened (priority subset structural model verified for representative family)	3	81.4	Priority 2
PCW1_contig_98766_1	Moderate	Toolkit|ToolkitTierA|aromatic_F|CBAD2_ARTSP|Q9LCU3	A	29.8	60.9	2	1.4374	Bacteria;Pseudomonadota;Betaproteobacteria;Burkholderiales;Sphaerotilaceae;Rubrivivax;Rubrivivax_gelatinosus;	enoyl-CoA hydratase	True	1	0	Screened (priority subset structural model verified for representative family)	3	81.0	Priority 2
PCW2_contig_108453_2	Moderate	Toolkit|ToolkitTierA|aromatic_F|CBAD2_ARTSP|Q9LCU3	A	31.1	59.4	1	2.4617	Bacteria;Pseudomonadota;Gammaproteobacteria;Vibrionales;Vibrionaceae;Vibrio;	MULTISPECIES: fatty acid oxidation complex subunit alpha FadJ	True	2	0	Screened (priority subset structural model verified for representative family)	3	80.9	Priority 2
PHW2_contig_101733_1	Moderate	Toolkit|ToolkitTierA|aromatic_F|CBAD1_ARTSP|O85078	A	32.4	67.0	6	2.1854	Unknown	enoyl-CoA hydratase/isomerase family protein	False	1	0	Screened (priority subset structural model verified for representative family)	3	80.7	Priority 2
SHW1_contig_98077_1	Moderate	Toolkit|ToolkitTierA|aromatic_F|BCRD_THAAR|O87877	A	29.9	69.9	7	1.4061	NA	NA	False	1	0	Screened (priority subset structural model verified for representative family)	3	80.6	Priority 2
PCW2_contig_232776_1	Moderate	Toolkit|ToolkitTierA|aromatic_F|CBAD2_ARTSP|Q9LCU3	A	25.1	64.9	1	0.575	Bacteria;Pseudomonadota;Gammaproteobacteria;Pseudomonadales;Marinobacteraceae;Marinobacter;	enoyl-CoA hydratase/isomerase family protein	True	2	0	Screened (priority subset structural model verified for representative family)	3	80.6	Priority 2
PSLW2_contig_74490_2	Moderate	Toolkit|ToolkitTierA|aromatic_F|CBAD1_ARTSP|O85078	A	36.4	62.7	5	1.8819	NA	NA	False	1	0	Screened (priority subset structural model verified for representative family)	3	80.5	Priority 2
PCW1_contig_223449_1	Moderate	Toolkit|ToolkitTierA|aromatic_F|CBAD2_ARTSP|Q9LCU3	A	30.4	69.2	3	0.9859	NA	NA	False	3	0	Screened (priority subset structural model verified for representative family)	3	80.5	Priority 2
PHW1_contig_180905_14	Moderate	Toolkit|ToolkitTierA|aromatic_F|CBAD2_ARTSP|Q9LCU3	A	29.0	69.9	3	1.1919	NA	NA	False	18	0	Screened (priority subset structural model verified for representative family)	3	80.4	Priority 2
PSLW2_contig_154699_2	Moderate	Toolkit|ToolkitTierA|aromatic_F|CBAD2_ARTSP|Q9LCU3	A	31.7	67.4	4	0.9993	NA	NA	False	2	0	Screened (priority subset structural model verified for representative family)	3	80.4	Priority 2
PSLW1_contig_266642_1	Moderate	Toolkit|ToolkitTierA|aromatic_F|CBAD2_ARTSP|Q9LCU3	A	31.6	57.2	1	0.3012	Bacteria;Bacillota;Bacilli;Lactobacillales;Enterococcaceae;Enterococcus;	1,4-dihydroxy-2-naphthoyl-CoA synthase	True	1	0	Screened (priority subset structural model verified for representative family)	3	80.1	Priority 2
PSLW2_contig_286939_2	Moderate	Toolkit|ToolkitTierA|aromatic_F|CBAD2_ARTSP|Q9LCU3	A	33.3	55.4	2	0.7702	Bacteria;Pseudomonadota;Betaproteobacteria;Burkholderiales;unknown;	enoyl-CoA hydratase	True	1	0	Screened (priority subset structural model verified for representative family)	3	80.0	Priority 2
MHW1_contig_334974_1	Moderate	Toolkit|ToolkitTierA|aromatic_F|BCRC_THAAR|O87874	A	28.6	68.9	10	1.8897	NA	NA	False	2	0	Screened (priority subset structural model verified for representative family)	3	79.9	Priority 2
MSLW1_contig_207941_1	Moderate	Toolkit|ToolkitTierA|aromatic_F|ATZA_PSESD|P72156	A	27.5	69.8	10	1.7778	Unknown	amidohydrolase	False	1	0	Screened (priority subset structural model verified for representative family)	3	79.7	Priority 2
PCW1_contig_158166_6	Moderate	Toolkit|ToolkitTierA|aminoacid_F|WHM00222.1_hydrolase,_partial_[Serratia_|WHM00222.1	A	26.1	62.5	2	1.232	Unknown	alpha/beta fold hydrolase	True	10	0	Screened (priority subset structural model verified for representative family)	3	79.7	Priority 2
MSLW1_contig_116079_1	Moderate	Toolkit|ToolkitTierA|aromatic_F|CBAD2_ARTSP|Q9LCU3	A	33.3	64.1	15	5.2313	NA	NA	False	1	0	Screened (priority subset structural model verified for representative family)	3	79.6	Priority 2
PSLW2_contig_110549_2	Moderate	Toolkit|ToolkitTierA|aromatic_F|CBAD1_ARTSP|O85078	A	27.7	60.1	1	0.6559	Bacteria;Bacteroidota;Flavobacteriia;Flavobacteriales;Flavobacteriaceae;	1,4-dihydroxy-2-naphthoyl-CoA synthase	True	2	0	Screened (priority subset structural model verified for representative family)	3	79.5	Priority 2
SSLW2_contig_150520_1	Moderate	Toolkit|ToolkitTierA|aromatic_F|BCRC_THAAR|O87874	A	26.1	60.6	2	0.5935	Bacteria;Bacillota;Clostridia;Eubacteriales;Clostridiaceae;Clostridium;	2-hydroxyglutaryl-CoA dehydratase beta subunit	True	1	0	Screened (priority subset structural model verified for representative family)	3	79.3	Priority 2
SCW1_contig_149869_1	Moderate	Toolkit|ToolkitTierA|aromatic_F|CBAD2_ARTSP|Q9LCU3	A	33.3	63.0	3	1.2845	NA	NA	False	2	0	Screened (priority subset structural model verified for representative family)	3	79.2	Priority 2
PCW1_contig_397027_1	Moderate	Toolkit|ToolkitTierA|aromatic_F|CBADH_PSEUC|A5JTM5	A	33.3	63.6	4	0.9922	Unknown	enoyl-CoA hydratase	False	1	0	Screened (priority subset structural model verified for representative family)	3	79.2	Priority 2
SCW1_contig_205070_1	Moderate	Toolkit|ToolkitTierA|aromatic_F|CBADH_PSEUC|A5JTM5	A	31.3	65.4	9	4.2394	Unknown	naphthoate synthase	False	2	0	Screened (priority subset structural model verified for representative family)	3	79.0	Priority 2
PSLW2_contig_56611_1	Moderate	Toolkit|ToolkitTierA|aromatic_F|CBAD2_ARTSP|Q9LCU3	A	27.1	69.6	5	1.3799	NA	NA	False	2	0	Screened (priority subset structural model verified for representative family)	3	79.0	Priority 2
MCW2_contig_13414_2	Moderate	TierA|FAcD|RPA1163|Rhodopseudomonas_palustris|PDB_5SWN	A	27.2	69.4	5	0.9928	NA	NA	False	2	0	Screened (priority subset structural model verified for representative family)	3	78.9	Priority 2
PSLW2_contig_42692_1	Moderate	Toolkit|ToolkitTierA|aromatic_F|CBAD1_ARTSP|O85078	A	27.8	58.7	2	1.1917	Bacteria;Bacteroidota;Flavobacteriia;Flavobacteriales;Weeksellaceae;	1,4-dihydroxy-2-naphthoyl-CoA synthase	True	1	0	Screened (priority subset structural model verified for representative family)	3	78.8	Priority 2
MCW2_contig_245853_2	Moderate	Toolkit|ToolkitTierA|aromatic_F|CBAD1_ARTSP|O85078	A	26.7	69.2	6	2.8937	NA	NA	False	1	0	Screened (priority subset structural model verified for representative family)	3	78.7	Priority 2
PCW1_contig_40746_2	Moderate	Toolkit|ToolkitTierA|aromatic_F|CBAD2_ARTSP|Q9LCU3	A	31.5	64.5	3	0.9653	Bacteria;Pseudomonadota;Alphaproteobacteria;Rhodobacterales;Paracoccaceae;	short chain enoyl-CoA hydratase	False	2	0	Screened (priority subset structural model verified for representative family)	3	78.7	Priority 2
MHW2_contig_60682_1	Moderate	Toolkit|ToolkitTierA|aromatic_F|CBADH_PSEUC|A5JTM5	A	36.7	58.7	4	1.0977	Bacteria;	enoyl-CoA hydratase/isomerase family protein	False	1	0	Screened (priority subset structural model verified for representative family)	3	78.6	Priority 2
MHW1_contig_159245_1	Moderate	Toolkit|ToolkitTierA|aromatic_F|CBAD2_ARTSP|Q9LCU3	A	29.5	66.3	5	1.8428	Bacteria;Thermodesulfobacteriota;Syntrophia;Syntrophales;	enoyl-CoA hydratase	False	2	0	Screened (priority subset structural model verified for representative family)	3	78.6	Priority 2
PCW1_contig_292684_1	Moderate	Toolkit|ToolkitTierA|aromatic_F|CBAD1_ARTSP|O85078	A	28.3	57.6	2	0.6559	Unknown	enoyl-CoA hydratase	True	1	0	Screened (priority subset structural model verified for representative family)	3	78.5	Priority 2
PHW2_contig_327516_1	Moderate	Toolkit|ToolkitTierA|aromatic_F|CBAD2_ARTSP|Q9LCU3	A	28.6	65.9	5	0.6977	NA	NA	False	1	0	Screened (priority subset structural model verified for representative family)	3	78.1	Priority 2
SHW1_contig_162384_2	Moderate	Toolkit|ToolkitTierA|aromatic_F|CBAD1_ARTSP|O85078	A	26.5	68.5	9	1.8679	Unknown	hoxX	False	3	0	Screened (priority subset structural model verified for representative family)	3	78.0	Priority 2
PCW2_contig_71197_5	Moderate	TierA|HAD|Raoultibacter_phocaeensis|Raoultibacter_phocaeensis|WP_139652913.1	A	26.0	59.3	2	7.8553	Unknown	HAD family hydrolase	False	10	2	Screened (priority subset structural model verified for representative family)	3	78.0	Priority 2
MCW2_contig_40230_1	Moderate	Toolkit|ToolkitTierA|aromatic_F|CBAD1_ARTSP|O85078	A	32.4	61.6	5	1.5225	NA	NA	False	1	0	Screened (priority subset structural model verified for representative family)	3	77.8	Priority 2
MCW2_contig_275070_3	Moderate	Toolkit|ToolkitTierA|aromatic_F|CBAD2_ARTSP|Q9LCU3	A	26.1	68.1	3	0.6163	NA	NA	False	3	0	Screened (priority subset structural model verified for representative family)	3	77.7	Priority 2
MHW1_contig_261848_2	Moderate	Toolkit|ToolkitTierA|aromatic_F|ATZA_PSESD|P72156	A	25.9	67.7	4	0.8949	Unknown	amidohydrolase	False	2	0	Screened (priority subset structural model verified for representative family)	3	77.6	Priority 2
MCW2_contig_130232_1	Moderate	Toolkit|ToolkitTierA|aromatic_F|CBAD1_ARTSP|O85078	A	28.1	55.4	1	0.8352	Bacteria;Pseudomonadota;Betaproteobacteria;Burkholderiales;Comamonadaceae;Limnohabitans;	crotonase/enoyl-CoA hydratase family protein	True	1	0	Screened (priority subset structural model verified for representative family)	3	77.3	Priority 2
PSLW1_contig_215704_1	Moderate	Toolkit|ToolkitTierA|aromatic_F|ATZA_PSESD|P72156	A	28.2	64.3	5	1.0264	Bacteria;Synergistota;Synergistia;Synergistales;Synergistaceae;unknown;Synergistaceae_bacterium;	amidohydrolase	False	2	0	Screened (priority subset structural model verified for representative family)	3	77.2	Priority 2
MCW2_contig_253530_1	Moderate	Toolkit|ToolkitTierA|aromatic_F|CBAD2_ARTSP|Q9LCU3	A	27.8	65.2	4	1.2391	NA	NA	False	1	0	Screened (priority subset structural model verified for representative family)	3	77.1	Priority 2
MHW2_contig_152014_1	Moderate	Toolkit|ToolkitTierA|aromatic_F|ATZA_PSESD|P72156	A	27.4	64.8	8	1.2854	Bacteria;Synergistota;Synergistia;Synergistales;Synergistaceae;unknown;Synergistaceae_bacterium;	amidohydrolase	False	1	0	Screened (priority subset structural model verified for representative family)	3	77.0	Priority 2
SHW2_contig_187335_1	Moderate	Toolkit|ToolkitTierA|aromatic_F|CBAD2_ARTSP|Q9LCU3	A	26.2	66.3	6	1.5739	NA	NA	False	1	0	Screened (priority subset structural model verified for representative family)	3	76.8	Priority 2
MCW2_contig_1711_1	Moderate	Toolkit|ToolkitTierA|aromatic_F|CBAD2_ARTSP|Q9LCU3	A	32.1	59.8	3	0.9001	NA	NA	False	2	0	Screened (priority subset structural model verified for representative family)	3	76.7	Priority 2
PHW2_contig_8795_1	Moderate	Toolkit|ToolkitTierA|aromatic_F|CBAD2_ARTSP|Q9LCU3	A	32.5	59.1	10	2.0563	NA	NA	False	1	0	Screened (priority subset structural model verified for representative family)	3	76.5	Priority 2
PHW1_contig_340191_1	Moderate	Toolkit|ToolkitTierA|aromatic_F|CBAD2_ARTSP|Q9LCU3	A	26.0	65.6	5	1.6578	NA	NA	False	2	0	Screened (priority subset structural model verified for representative family)	3	76.5	Priority 2
SHW1_contig_176795_3	Moderate	Toolkit|ToolkitTierA|aromatic_F|CBAD2_ARTSP|Q9LCU3	A	25.8	65.9	5	3.5798	NA	NA	False	3	0	Screened (priority subset structural model verified for representative family)	3	76.4	Priority 2
SSLW1_contig_94076_2	Moderate	Toolkit|ToolkitTierA|aromatic_F|CBAD1_ARTSP|O85078	A	33.1	58.0	4	0.5803	NA	NA	False	1	0	Screened (priority subset structural model verified for representative family)	3	76.3	Priority 2
PSLW2_contig_165809_1	Moderate	Toolkit|ToolkitTierA|aromatic_F|CBAD1_ARTSP|O85078	A	29.8	60.9	5	1.2575	NA	NA	False	1	0	Screened (priority subset structural model verified for representative family)	3	76.1	Priority 2
SHW2_contig_297313_2	Moderate	TierA|HAD|Raoultibacter_phocaeensis|Raoultibacter_phocaeensis|WP_139652913.1	A	29.0	62.4	11	4.6001	Unknown	GMP/IMP nucleotidase YrfG	False	2	0	Screened (priority subset structural model verified for representative family)	3	76.1	Priority 2
SHW1_contig_1958_1	Moderate	Toolkit|ToolkitTierA|aromatic_F|BCRD_THAAR|O87877	A	29.1	61.0	5	2.8911	Unknown	hypothetical protein	False	1	0	Screened (priority subset structural model verified for representative family)	3	75.7	Priority 2
SCW1_contig_26569_2	Moderate	Toolkit|ToolkitTierA|aromatic_F|CBADH_PSEUC|A5JTM5	A	25.1	65.1	8	3.7895	NA	NA	False	3	0	Screened (priority subset structural model verified for representative family)	3	75.7	Priority 2
MCW1_contig_167821_1	Moderate	Toolkit|ToolkitTierA|aromatic_F|BCRD_THAAR|O87877	A	26.8	63.5	13	12.9697	Bacteria;Actinomycetota;Actinomycetes;Propionibacteriales;Propionibacteriaceae;	activase	False	1	0	Screened (priority subset structural model verified for representative family)	3	75.7	Priority 2
MCW1_contig_98775_2	Moderate	Toolkit|ToolkitTierA|aromatic_F|CBAD2_ARTSP|Q9LCU3	A	26.1	63.8	5	1.2826	NA	NA	False	1	0	Screened (priority subset structural model verified for representative family)	3	75.6	Priority 2
MCW2_contig_399873_1	Moderate	Toolkit|ToolkitTierA|aromatic_F|CBAD2_ARTSP|Q9LCU3	A	25.8	64.5	3	0.8891	Unknown	crotonase/enoyl-CoA hydratase family protein	False	1	0	Screened (priority subset structural model verified for representative family)	3	75.6	Priority 2
SSLW1_contig_383743_1	Moderate	Toolkit|ToolkitTierA|aromatic_F|BCRC_THAAR|O87874	A	28.6	60.6	3	0.6479	Bacteria;Thermodesulfobacteriota;Syntrophia;Syntrophales;Syntrophaceae;unknown;Syntrophaceae_bacterium;	2-hydroxyacyl-CoA dehydratase	False	1	0	Screened (priority subset structural model verified for representative family)	3	75.5	Priority 2
PHW2_contig_2373_1	Moderate	Toolkit|ToolkitTierA|aromatic_F|CBAD2_ARTSP|Q9LCU3	A	28.6	60.9	3	0.6082	NA	NA	False	1	0	Screened (priority subset structural model verified for representative family)	3	75.5	Priority 2
PHW2_contig_182855_1	Moderate	Toolkit|ToolkitTierA|aromatic_F|CBAD1_ARTSP|O85078	A	31.3	58.0	9	1.9036	Unknown	putative enoyl-CoA hydratase echA8	False	1	0	Screened (priority subset structural model verified for representative family)	3	75.4	Priority 2
SSLW2_contig_29978_1	Moderate	TierA|HAD|Raoultibacter_phocaeensis|Raoultibacter_phocaeensis|WP_139652913.1	A	26.4	63.3	4	1.3642	NA	NA	False	7	0	Screened (priority subset structural model verified for representative family)	3	75.3	Priority 2
SSLW1_contig_121796_11	Moderate	Toolkit|ToolkitTierA|aromatic_F|CBAD2_ARTSP|Q9LCU3	A	27.3	62.3	11	10.4641	NA	NA	False	12	0	Screened (priority subset structural model verified for representative family)	3	75.2	Priority 2
MSLW1_contig_203860_2	Moderate	Toolkit|ToolkitTierA|aromatic_F|ATZA_PSESD|P72156	A	30.3	57.8	8	1.0304	Unknown	8-oxoguanine deaminase	False	1	0	Screened (priority subset structural model verified for representative family)	3	75.0	Priority 2
MHW1_contig_87727_1	Moderate	Toolkit|ToolkitTierA|aromatic_F|CBAD2_ARTSP|Q9LCU3	A	26.9	62.0	11	2.6149	Unknown	enoyl-CoA hydratase/isomerase family protein	False	1	0	Screened (priority subset structural model verified for representative family)	3	75.0	Priority 2
SHW1_contig_201994_2	Moderate	Toolkit|ToolkitTierA|aromatic_F|CBADH_PSEUC|A5JTM5	A	32.9	55.4	3	1.2879	NA	NA	False	2	0	Screened (priority subset structural model verified for representative family)	3	74.9	Priority 2
SHW1_contig_12514_1	Moderate	Toolkit|ToolkitTierA|aromatic_F|ATZA_PSESD|P72156	A	25.4	63.1	10	2.1183	NA	NA	False	1	0	Screened (priority subset structural model verified for representative family)	3	74.9	Priority 2
MHW2_contig_88777_1	Moderate	Toolkit|ToolkitTierA|aromatic_F|CBADH_PSEUC|A5JTM5	A	31.6	56.5	3	1.4411	NA	NA	False	1	0	Screened (priority subset structural model verified for representative family)	3	74.6	Priority 2
SSLW1_contig_202437_1	Moderate	Toolkit|ToolkitTierA|aromatic_F|CBADH_PSEUC|A5JTM5	A	25.0	62.5	5	1.7208	Unknown	putative enoyl-CoA hydratase	False	1	0	Screened (priority subset structural model verified for representative family)	3	74.4	Priority 2
SHW2_contig_159492_4	Moderate	Toolkit|ToolkitTierA|aromatic_F|CBADH_PSEUC|A5JTM5	A	29.5	58.0	5	2.6769	NA	NA	False	22	0	Screened (priority subset structural model verified for representative family)	3	74.3	Priority 2
MHW2_contig_281617_1	Moderate	Toolkit|ToolkitTierA|aromatic_F|ATZA_PSESD|P72156	A	25.1	61.4	3	1.1704	NA	NA	False	2	0	Screened (priority subset structural model verified for representative family)	3	73.9	Priority 2
MHW1_contig_191404_1	Moderate	Toolkit|ToolkitTierA|aromatic_F|CBAD2_ARTSP|Q9LCU3	A	29.2	55.8	11	3.5331	Bacteria;Thermodesulfobacteriota;	1,4-Dihydroxy-2-naphthoyl-CoA synthase	False	2	0	Screened (priority subset structural model verified for representative family)	3	73.1	Priority 2
SCW1_contig_339893_1	Moderate	Toolkit|ToolkitTierA|acetate_F|3UMB|Q8XZN3	A	27.3	56.7	5	0.6129	Unknown	HAD family hydrolase	False	1	0	Screened (priority subset structural model verified for representative family)	3	72.4	Priority 2
PSLW2_contig_365729_2	Moderate	TierA|FAcD|H-1|Delftia_acidovorans|Q01398	A	31.4	52.0	5	0.8689	NA	NA	False	2	0	Screened (priority subset structural model verified for representative family)	3	72.3	Priority 2
PSLW2_contig_242791_3	Moderate	TierA|FAcD|H-1|Delftia_acidovorans|Q01398	A	39.1	43.5	3	0.6179	NA	NA	False	3	0	Screened (priority subset structural model verified for representative family)	3	72.1	Priority 2
MCW1_contig_99856_1	Moderate	Toolkit|ToolkitTierA|acetate_F|3UMB|Q8XZN3	A	26.5	56.7	5	1.1564	Unknown	HAD family hydrolase	False	1	0	Screened (priority subset structural model verified for representative family)	3	72.0	Priority 2
PSLW2_contig_270019_1	Moderate	TierA|HAD|Raoultibacter_phocaeensis|Raoultibacter_phocaeensis|WP_139652913.1	A	26.2	57.0	9	3.3495	Unknown	noncanonical pyrimidine nucleotidase, YjjG family	False	1	0	Screened (priority subset structural model verified for representative family)	3	72.0	Priority 2
PSLW2_contig_289353_1	Moderate	TierA|HAD|Raoultibacter_phocaeensis|Raoultibacter_phocaeensis|WP_139652913.1	A	26.2	57.0	10	2.5506	Unknown	noncanonical pyrimidine nucleotidase, YjjG family	False	1	0	Screened (priority subset structural model verified for representative family)	3	72.0	Priority 2
PCW1_contig_256989_2	Moderate	Toolkit|ToolkitTierA|aromatic_F|CBADH_PSEUC|A5JTM5	A	27.7	55.0	4	0.952	Unknown	enoyl-CoA hydratase	False	1	0	Screened (priority subset structural model verified for representative family)	3	71.9	Priority 2
PHW1_contig_277023_5	Moderate	Toolkit|ToolkitTierA|acetate_F|3UMB|Q8XZN3	A	25.8	56.7	4	2.493	Bacteria;Pseudomonadota;Betaproteobacteria;Burkholderiales;Comamonadaceae;	HAD family hydrolase	False	9	0	Screened (priority subset structural model verified for representative family)	3	71.7	Priority 2
PHW1_contig_257823_8	Moderate	Toolkit|ToolkitTierA|aminoacid_F|WHM00222.1_hydrolase,_partial_[Serratia_|WHM00222.1	A	25.3	56.8	4	1.5024	NA	NA	False	16	0	Screened (priority subset structural model verified for representative family)	3	71.5	Priority 2
SSLW1_contig_363473_1	Moderate	TierA|FAcD|DehH1_FA1|Burkholderia_sp_FA1|Q1JU72	A	34.7	40.8	4	3.3138	Bacteria;	alpha/beta hydrolase	False	1	0	Screened (priority subset structural model verified for representative family)	3	68.5	Priority 2
MSLW2_contig_10992_2	Moderate	TierA|FAcD|DehH1_FA1|Burkholderia_sp_FA1|Q1JU72	A	32.3	41.8	5	1.4748	NA	NA	False	2	0	Screened (priority subset structural model verified for representative family)	3	67.8	Priority 2
MCW2_contig_284311_1	Moderate	TierA|FAcD|DehH1_FA1|Burkholderia_sp_FA1|Q1JU72	A	33.6	40.1	4	1.6024	Bacteria;Pseudomonadota;Betaproteobacteria;	alpha/beta hydrolase	False	1	0	Screened (priority subset structural model verified for representative family)	3	67.6	Priority 2
PHW1_contig_292623_1	Moderate	TierA|FAcD|DehH1_FA1|Burkholderia_sp_FA1|Q1JU72	A	35.3	38.2	11	4.4289	NA	NA	False	1	0	Screened (priority subset structural model verified for representative family)	3	67.5	Priority 2
MSLW2_contig_286388_1	Moderate	TierA|FAcD|RPA1163|Rhodopseudomonas_palustris|PDB_5SWN	A	36.4	37.0	4	2.1419	NA	NA	False	2	0	Screened (priority subset structural model verified for representative family)	3	67.4	Priority 2
SCW1_contig_27231_19	Moderate	TierA|FAcD|DehH1_FA1|Burkholderia_sp_FA1|Q1JU72	A	35.8	35.9	11	4.8632	NA	NA	False	19	0	Screened (priority subset structural model verified for representative family)	3	66.6	Priority 2
SHW1_contig_242677_1	Moderate	TierA|FAcD|H-1|Delftia_acidovorans|Q01398	A	34.7	33.3	9	3.6114	Unknown	hypothetical protein A2W94_00115	False	1	0	Screened (priority subset structural model verified for representative family)	3	64.7	Priority 2
PCW2_contig_210277_1	Moderate	TierA|FAcD|DehH1_FA1|Burkholderia_sp_FA1|Q1JU72	A	33.3	68.1	2	0.9082	Archaea;Euryarchaeota;Halobacteria;Natrialbales;Natrialbaceae;Natrinema;	alpha/beta hydrolase	False	1	0	Screened (priority subset structural model verified for representative family)	2	71.5	Priority 3
MCW2_contig_111511_2	Moderate	Toolkit|ToolkitTierA|aromatic_F|CBADH_PSEUC|A5JTM5	A	32.1	68.4	2	0.9235	NA	NA	False	1	0	Screened (priority subset structural model verified for representative family)	2	71.0	Priority 3
PSLW1_contig_243603_1	Moderate	TierA|HAD|Raoultibacter_phocaeensis|Raoultibacter_phocaeensis|WP_139652913.1	A	27.2	73.3	1	0.2736	NA	NA	False	1	0	Screened (priority subset structural model verified for representative family)	2	70.9	Priority 3
PSLW2_contig_149850_5	Moderate	Toolkit|ToolkitTierA|aromatic_F|CBAD1_ARTSP|O85078	A	37.0	62.7	1	1.039	NA	NA	False	6	0	Screened (priority subset structural model verified for representative family)	2	70.8	Priority 3
PCW1_contig_407229_1	Moderate	Toolkit|ToolkitTierA|aromatic_F|CBAD2_ARTSP|Q9LCU3	A	31.0	67.8	2	1.2424	NA	NA	False	1	0	Screened (priority subset structural model verified for representative family)	2	70.5	Priority 3
PCW1_contig_8105_1	Moderate	TierA|FAcD|DehH1_FA1|Burkholderia_sp_FA1|Q1JU72	A	29.5	69.1	2	0.9129	Unknown	alpha/beta hydrolase	False	1	0	Screened (priority subset structural model verified for representative family)	2	70.1	Priority 3
SSLW2_contig_22599_50	Moderate	Toolkit|ToolkitTierA|aromatic_F|CBAD2_ARTSP|Q9LCU3	A	29.6	67.4	1	2.9702	NA	NA	False	111	0	Screened (priority subset structural model verified for representative family)	2	69.4	Priority 3
PCW2_contig_207335_1	Moderate	Toolkit|ToolkitTierA|aromatic_F|CBAD1_ARTSP|O85078	A	31.1	65.2	1	0.869	Archaea;Euryarchaeota;Halobacteria;Natrialbales;Natrialbaceae;	enoyl-CoA hydratase/isomerase family protein	False	1	0	Screened (priority subset structural model verified for representative family)	2	68.9	Priority 3
MHW2_contig_22176_1	Moderate	Toolkit|ToolkitTierA|aromatic_F|CBAD2_ARTSP|Q9LCU3	A	30.6	65.2	2	1.2571	NA	NA	False	1	0	Screened (priority subset structural model verified for representative family)	2	68.8	Priority 3
SCW2_contig_153635_1	Moderate	Toolkit|ToolkitTierA|aromatic_F|CBAD2_ARTSP|Q9LCU3	A	27.4	68.8	0	0	NA	NA	False	1	0	Screened (priority subset structural model verified for representative family)	2	68.8	Priority 3
PCW1_contig_310794_1	Moderate	Toolkit|ToolkitTierA|aromatic_F|CBAD2_ARTSP|Q9LCU3	A	30.4	65.6	1	0.6521	NA	NA	False	2	0	Screened (priority subset structural model verified for representative family)	2	68.6	Priority 3
MCW2_contig_45511_2	Moderate	Toolkit|ToolkitTierA|aromatic_F|CBADH_PSEUC|A5JTM5	A	30.9	65.1	2	0.4266	NA	NA	False	1	0	Screened (priority subset structural model verified for representative family)	2	68.6	Priority 3
PSLW2_contig_449369_2	Moderate	Toolkit|ToolkitTierA|aromatic_F|CBAD2_ARTSP|Q9LCU3	A	29.1	65.9	1	0.3895	NA	NA	False	3	0	Screened (priority subset structural model verified for representative family)	2	68.1	Priority 3
MCW2_contig_233613_1	Moderate	Toolkit|ToolkitTierA|aromatic_F|CBAD1_ARTSP|O85078	A	28.0	65.9	1	0.6421	NA	NA	False	1	0	Screened (priority subset structural model verified for representative family)	2	67.6	Priority 3
PCW1_contig_400269_2	Moderate	Toolkit|ToolkitTierA|aromatic_F|BCRC_THAAR|O87874	A	25.4	68.4	2	1.7258	NA	NA	False	7	0	Screened (priority subset structural model verified for representative family)	2	67.3	Priority 3
PCW1_contig_412614_1	Moderate	Toolkit|ToolkitTierA|aromatic_F|CBAD1_ARTSP|O85078	A	32.7	59.8	1	0.41	NA	NA	False	1	0	Screened (priority subset structural model verified for representative family)	2	67.0	Priority 3
SCW2_contig_166065_1	Moderate	Toolkit|ToolkitTierA|aromatic_F|CBAD2_ARTSP|Q9LCU3	A	32.9	59.4	0	0	NA	NA	False	2	0	Screened (priority subset structural model verified for representative family)	2	66.9	Priority 3
PSLW2_contig_329610_1	Moderate	Toolkit|ToolkitTierA|aromatic_F|CBAD1_ARTSP|O85078	A	29.5	62.7	1	0.4045	NA	NA	False	1	0	Screened (priority subset structural model verified for representative family)	2	66.8	Priority 3
SCW2_contig_212987_1	Moderate	Toolkit|ToolkitTierA|aromatic_F|CBAD2_ARTSP|Q9LCU3	A	34.0	57.6	0	0	NA	NA	False	1	0	Screened (priority subset structural model verified for representative family)	2	66.7	Priority 3
MCW2_contig_415710_1	Moderate	Toolkit|ToolkitTierA|aromatic_F|CBADH_PSEUC|A5JTM5	A	25.1	66.5	1	0.7415	Unknown	3-hydroxyacyl-CoA dehydrogenase, partial	False	1	0	Screened (priority subset structural model verified for representative family)	2	66.4	Priority 3
PCW1_contig_233529_1	Moderate	Toolkit|ToolkitTierA|aromatic_F|CBADH_PSEUC|A5JTM5	A	32.9	57.6	1	0.3788	NA	NA	False	1	0	Screened (priority subset structural model verified for representative family)	2	66.1	Priority 3
SCW2_contig_3995_4	Moderate	Toolkit|ToolkitTierA|aromatic_F|CBAD2_ARTSP|Q9LCU3	A	27.3	63.8	0	0	NA	NA	False	4	0	Screened (priority subset structural model verified for representative family)	2	66.1	Priority 3
SCW2_contig_17207_1	Moderate	Toolkit|ToolkitTierA|aromatic_F|CBAD2_ARTSP|Q9LCU3	A	27.0	63.0	0	0	NA	NA	False	1	0	Screened (priority subset structural model verified for representative family)	2	65.7	Priority 3
MCW2_contig_12692_2	Moderate	Toolkit|ToolkitTierA|aromatic_F|CBAD1_ARTSP|O85078	A	28.1	62.0	2	0.4388	NA	NA	False	2	0	Screened (priority subset structural model verified for representative family)	2	65.6	Priority 3
SCW2_contig_126528_1	Moderate	Toolkit|ToolkitTierA|aromatic_F|CBAD1_ARTSP|O85078	A	26.8	60.9	0	0	NA	NA	False	2	0	Screened (priority subset structural model verified for representative family)	2	64.5	Priority 3
MCW2_contig_352294_1	Moderate	Toolkit|ToolkitTierA|aromatic_F|CBAD1_ARTSP|O85078	A	30.8	56.5	2	1.152	Bacteria;Pseudomonadota;Betaproteobacteria;Burkholderiales;Comamonadaceae;	2,3-dehydroadipyl-CoA hydratase	False	1	0	Screened (priority subset structural model verified for representative family)	2	64.3	Priority 3
PCW1_contig_169749_2	Moderate	Toolkit|ToolkitTierA|aromatic_F|CBAD1_ARTSP|O85078	A	30.1	56.5	2	0.7436	Bacteria;Pseudomonadota;Betaproteobacteria;Burkholderiales;	crotonase/enoyl-CoA hydratase family protein	False	2	0	Screened (priority subset structural model verified for representative family)	2	64.0	Priority 3
SSLW1_contig_265783_1	Moderate	Toolkit|ToolkitTierA|aromatic_F|CBAD1_ARTSP|O85078	A	26.5	60.1	2	1.3703	Unknown	putative enoyl-CoA hydratase echA8	False	1	0	Screened (priority subset structural model verified for representative family)	2	63.9	Priority 3
SCW2_contig_75648_1	Moderate	Toolkit|ToolkitTierA|aromatic_F|CBAD2_ARTSP|Q9LCU3	A	27.2	58.7	0	0	NA	NA	False	1	0	Screened (priority subset structural model verified for representative family)	2	63.6	Priority 3
SCW2_contig_185568_1	Moderate	Toolkit|ToolkitTierA|aromatic_F|CBADH_PSEUC|A5JTM5	A	26.3	59.5	0	0	NA	NA	False	1	0	Screened (priority subset structural model verified for representative family)	2	63.5	Priority 3
SCW2_contig_31608_1	Moderate	Toolkit|ToolkitTierA|aromatic_F|CBAD1_ARTSP|O85078	A	30.3	55.1	0	0	NA	NA	False	1	0	Screened (priority subset structural model verified for representative family)	2	63.4	Priority 3
SCW2_contig_149985_1	Moderate	Toolkit|ToolkitTierA|aromatic_F|CBAD1_ARTSP|O85078	A	30.1	55.4	0	0	NA	NA	False	1	0	Screened (priority subset structural model verified for representative family)	2	63.3	Priority 3
MHW1_contig_230405_1	Moderate	TierA|HAD|Rha0230|Rhodococcus_jostii_RHA1|PDB_3UMG	A	26.5	59.4	1	0.5923	NA	NA	False	1	0	Screened (priority subset structural model verified for representative family)	2	63.3	Priority 3
SCW2_contig_150648_1	Moderate	Toolkit|ToolkitTierA|aromatic_F|CBADH_PSEUC|A5JTM5	A	29.3	55.8	0	0	NA	NA	False	1	0	Screened (priority subset structural model verified for representative family)	2	63.2	Priority 3
SCW2_contig_130909_1	Moderate	Toolkit|ToolkitTierA|aromatic_F|CBAD2_ARTSP|Q9LCU3	A	28.0	56.9	0	0	NA	NA	False	1	0	Screened (priority subset structural model verified for representative family)	2	63.1	Priority 3
SCW2_contig_16835_1	Moderate	Toolkit|ToolkitTierA|aromatic_F|CBAD2_ARTSP|Q9LCU3	A	25.6	59.4	0	0	NA	NA	False	1	0	Screened (priority subset structural model verified for representative family)	2	63.0	Priority 3
PCW1_contig_372414_2	Moderate	Toolkit|ToolkitTierA|aromatic_F|CBAD1_ARTSP|O85078	A	28.6	55.8	2	0.9322	Unknown	2-(1,2-epoxy-1,2-dihydrophenyl)acetyl-CoA isomerase	False	2	0	Screened (priority subset structural model verified for representative family)	2	62.9	Priority 3
SCW2_contig_130126_1	Moderate	Toolkit|ToolkitTierA|aromatic_F|CBADH_PSEUC|A5JTM5	A	26.5	57.6	0	0	NA	NA	False	2	0	Screened (priority subset structural model verified for representative family)	2	62.5	Priority 3
SCW2_contig_183095_2	Moderate	TierA|HAD|Raoultibacter_phocaeensis|Raoultibacter_phocaeensis|WP_139652913.1	A	25.0	57.9	0	0	NA	NA	False	3	0	Screened (priority subset structural model verified for representative family)	2	61.9	Priority 3
MCW2_contig_241579_2	Moderate	TierA|DEF2|Dechloromonas_aromatica_RCB|Dechloromonas_aromatica|PDB_8SDC	A	50.5	31.3	1	3.8473	NA	NA	False	2	0	Screened (priority subset structural model verified for representative family)	2	61.8	Priority 3
SHW1_contig_286236_1	Moderate	TierA|FAcD|RPA1163|Rhodopseudomonas_palustris|PDB_5SWN	A	55.4	24.9	1	1.7295	NA	NA	False	1	0	Screened (priority subset structural model verified for representative family)	2	61.1	Priority 3
MCW2_contig_150213_2	Moderate	Toolkit|ToolkitTierA|aromatic_F|CBAD1_ARTSP|O85078	A	25.0	55.1	2	1.4177	NA	NA	False	2	0	Screened (priority subset structural model verified for representative family)	2	60.6	Priority 3
PSLW2_contig_399809_1	Moderate	TierA|FAcD|H-1|Delftia_acidovorans|Q01398	A	36.8	39.8	2	0.2505	NA	NA	False	1	0	Screened (priority subset structural model verified for representative family)	2	59.1	Priority 3
MCW2_contig_192154_2	Moderate	TierA|FAcD|H-1|Delftia_acidovorans|Q01398	A	33.3	42.9	2	1.0611	NA	NA	False	1	0	Screened (priority subset structural model verified for representative family)	2	58.9	Priority 3
PSLW2_contig_43651_3	Moderate	TierA|FAcD|RPA1163|Rhodopseudomonas_palustris|PDB_5SWN	A	34.8	37.7	2	0.573	NA	NA	False	5	0	Screened (priority subset structural model verified for representative family)	2	57.0	Priority 3
