gene_id	reference_structure_compared	mean_pLDDT	active_site_pLDDT	TM_score	RMSD_angstrom	active_site_residue_conservation	notes
PCW1_contig_209167_8							Queued for structural modeling (>400 aa batch)
PCW1_contig_209167_7	3UMG (HAD dehalogenase (R. jostii RHA1))	85.5	85.4	0.492	5.73	HAD superfamily fold verified	Divergent fold; 3.8% id over 413 aa
PCW1_contig_227649_2							Queued for structural modeling (>400 aa batch)
MCW2_contig_262759_1							Queued for structural modeling (>400 aa batch)
PHW1_contig_283624_2	3UMG (HAD dehalogenase (R. jostii RHA1))	94.0	94.1	0.891	2.54	HAD superfamily fold verified	Identical fold; 22.0% id over 245 aa
PCW1_contig_5288_3							Queued for structural modeling (>400 aa batch)
MCW2_contig_261091_1							Queued for structural modeling (>400 aa batch)
PHW2_contig_208717_3							Queued for structural modeling (>400 aa batch)
MCW2_contig_336329_1	8SDC (DEF2 (D. aromatica RCB))	81.7	81.7	0.975	1.22	FAcD alpha/beta-hydrolase fold verified	Identical fold; 43.0% id over 286 aa
MSLW1_contig_257141_2	8SDC (DEF2 (D. aromatica RCB))	88.8	89.1	0.985	0.99	Full catalytic triad conserved (Asp104-His271-Asp128)	Identical fold; 42.1% id over 294 aa
PHW1_contig_70865_19	3UMG (HAD dehalogenase (R. jostii RHA1))	89.9	89.9	0.946	1.71	HAD superfamily fold verified	Identical fold; 44.8% id over 241 aa
MCW2_contig_274532_1							Queued for structural modeling (>400 aa batch)
MHW1_contig_341164_1							Queued for structural modeling (>400 aa batch)
SSLW2_contig_12698_2							Queued for structural modeling (>400 aa batch)
MHW2_contig_273873_4							Queued for structural modeling (>400 aa batch)
MSLW2_contig_281232_1							Queued for structural modeling (>400 aa batch)
SSLW2_contig_112047_42							Queued for structural modeling (>400 aa batch)
SSLW1_contig_33717_2							Queued for structural modeling (>400 aa batch)
PCW1_contig_197165_1	3UMG (HAD dehalogenase (R. jostii RHA1))	78.1	78.1	0.933	1.72	HAD superfamily fold verified	Identical fold; 51.0% id over 186 aa
SSLW1_contig_21476_2							Queued for structural modeling (>400 aa batch)
MCW2_contig_225393_1							Queued for structural modeling (>400 aa batch)
MCW2_contig_347009_2							Queued for structural modeling (>400 aa batch)
SSLW2_contig_3341_1							Queued for structural modeling (>400 aa batch)
MHW1_contig_172554_13							Queued for structural modeling (>400 aa batch)
MCW1_contig_138914_8							Queued for structural modeling (>400 aa batch)
PCW1_contig_84488_2							Queued for structural modeling (>400 aa batch)
MSLW2_contig_118992_3							Queued for structural modeling (>400 aa batch)
MCW2_contig_382349_1							Queued for structural modeling (>400 aa batch)
MSLW2_contig_124093_2							Queued for structural modeling (>400 aa batch)
MCW1_contig_277514_1							Queued for structural modeling (>400 aa batch)
PSLW2_contig_380552_1							Queued for structural modeling (>400 aa batch)
PHW2_contig_159635_2							Queued for structural modeling (>400 aa batch)
MCW1_contig_14112_7							Queued for structural modeling (>400 aa batch)
SHW2_contig_43694_1							Queued for structural modeling (>400 aa batch)
PSLW1_contig_87422_2							Queued for structural modeling (>400 aa batch)
MHW2_contig_75635_2							Queued for structural modeling (>400 aa batch)
PCW1_contig_51368_2							Queued for structural modeling (>400 aa batch)
MCW2_contig_42619_2							Queued for structural modeling (>400 aa batch)
PSLW1_contig_74821_3							Queued for structural modeling (>400 aa batch)
SSLW1_contig_22436_1							Queued for structural modeling (>400 aa batch)
PCW1_contig_427794_2							Queued for structural modeling (>400 aa batch)
MSLW2_contig_231908_4							Queued for structural modeling (>400 aa batch)
SCW2_contig_198166_1							Queued for structural modeling (>400 aa batch)
SSLW1_contig_154917_2							Queued for structural modeling (>400 aa batch)
PHW1_contig_312722_1							Queued for structural modeling (>400 aa batch)
SHW1_contig_161604_2							Queued for structural modeling (>400 aa batch)
SSLW1_contig_372353_2							Queued for structural modeling (>400 aa batch)
PHW2_contig_338015_1							Queued for structural modeling (>400 aa batch)
SHW2_contig_313261_2							Queued for structural modeling (>400 aa batch)
MCW2_contig_363510_1							Queued for structural modeling (>400 aa batch)
PHW1_contig_10141_2							Queued for structural modeling (>400 aa batch)
SSLW2_contig_91600_45							Queued for structural modeling (>400 aa batch)
SHW1_contig_28295_1							Queued for structural modeling (>400 aa batch)
PCW1_contig_150234_1	1NZY (4-chlorobenzoyl-CoA dehalogenase (Pseudomonas CBS3))	79.8	81.2	0.926	2.23	Chlorobenzoyl-CoA dehalogenase fold verified	Identical fold; 28.3% id over 261 aa
PSLW2_contig_89189_8							Queued for structural modeling (>400 aa batch)
MCW2_contig_141331_2							Queued for structural modeling (>400 aa batch)
SHW1_contig_207444_2							Queued for structural modeling (>400 aa batch)
MSLW1_contig_245787_2							Queued for structural modeling (>400 aa batch)
SCW1_contig_348711_1							Queued for structural modeling (>400 aa batch)
SSLW1_contig_57417_2							Queued for structural modeling (>400 aa batch)
SCW2_contig_60765_5							Queued for structural modeling (>400 aa batch)
PCW1_contig_17347_3							Queued for structural modeling (>400 aa batch)
PCW1_contig_226866_2	3UMG (HAD dehalogenase (R. jostii RHA1))	93.0	94.3	0.453	5.59	HAD superfamily fold verified	Divergent fold; 4.0% id over 271 aa
MSLW2_contig_173051_15							Queued for structural modeling (>400 aa batch)
SSLW2_contig_45641_2							Queued for structural modeling (>400 aa batch)
PCW1_contig_326825_1							Queued for structural modeling (>400 aa batch)
SCW2_contig_111889_14							Queued for structural modeling (>400 aa batch)
PHW2_contig_78442_19	1NZY (4-chlorobenzoyl-CoA dehalogenase (Pseudomonas CBS3))	83.8	84.1	0.937	2.05	Chlorobenzoyl-CoA dehalogenase fold verified	Identical fold; 27.4% id over 259 aa
PSLW1_contig_230040_4							Queued for structural modeling (>400 aa batch)
MHW2_contig_215242_2							Queued for structural modeling (>400 aa batch)
SSLW1_contig_389155_5							Queued for structural modeling (>400 aa batch)
PCW1_contig_295628_3							Queued for structural modeling (>400 aa batch)
PCW2_contig_2978_1							Queued for structural modeling (>400 aa batch)
PCW1_contig_164347_4							Queued for structural modeling (>400 aa batch)
PHW1_contig_58024_2							Queued for structural modeling (>400 aa batch)
MCW2_contig_320491_2							Queued for structural modeling (>400 aa batch)
PCW1_contig_8454_3	1NZY (4-chlorobenzoyl-CoA dehalogenase (Pseudomonas CBS3))	81.9	81.9	0.918	2.36	Chlorobenzoyl-CoA dehalogenase fold verified	Identical fold; 27.6% id over 246 aa
PSLW2_contig_255093_2							Queued for structural modeling (>400 aa batch)
MSLW2_contig_9553_2							Queued for structural modeling (>400 aa batch)
MCW1_contig_198315_1							Queued for structural modeling (>400 aa batch)
MSLW1_contig_120158_2							Queued for structural modeling (>400 aa batch)
MHW2_contig_348156_1							Queued for structural modeling (>400 aa batch)
PSLW2_contig_444812_15							Queued for structural modeling (>400 aa batch)
SHW2_contig_42012_6							Queued for structural modeling (>400 aa batch)
MHW2_contig_95492_1							Queued for structural modeling (>400 aa batch)
SSLW2_contig_17440_2							Queued for structural modeling (>400 aa batch)
PSLW1_contig_307382_4							Queued for structural modeling (>400 aa batch)
PHW1_contig_169682_2							Queued for structural modeling (>400 aa batch)
PSLW1_contig_217742_2							Queued for structural modeling (>400 aa batch)
SHW1_contig_270096_1							Queued for structural modeling (>400 aa batch)
SCW2_contig_108227_3							Queued for structural modeling (>400 aa batch)
PSLW1_contig_185282_4							Queued for structural modeling (>400 aa batch)
SCW2_contig_6769_4							Queued for structural modeling (>400 aa batch)
SHW1_contig_348994_2							Queued for structural modeling (>400 aa batch)
PCW1_contig_138666_2							Queued for structural modeling (>400 aa batch)
MHW1_contig_245589_2							Queued for structural modeling (>400 aa batch)
MSLW2_contig_130333_1							Queued for structural modeling (>400 aa batch)
PSLW1_contig_127910_2							Queued for structural modeling (>400 aa batch)
MCW1_contig_309493_1							Queued for structural modeling (>400 aa batch)
PHW2_contig_159336_2							Queued for structural modeling (>400 aa batch)
MSLW1_contig_272558_2							Queued for structural modeling (>400 aa batch)
SHW1_contig_80617_4							Queued for structural modeling (>400 aa batch)
MCW2_contig_308899_3							Queued for structural modeling (>400 aa batch)
MCW1_contig_14112_12							Queued for structural modeling (>400 aa batch)
PSLW1_contig_74821_2							Queued for structural modeling (>400 aa batch)
PCW2_contig_50677_2							Queued for structural modeling (>400 aa batch)
PCW1_contig_268568_3							Queued for structural modeling (>400 aa batch)
PSLW2_contig_198991_1							Queued for structural modeling (>400 aa batch)
PCW2_contig_154897_1							Queued for structural modeling (>400 aa batch)
MSLW1_contig_95200_2							Queued for structural modeling (>400 aa batch)
SHW2_contig_308473_2							Queued for structural modeling (>400 aa batch)
PCW1_contig_39607_6							Queued for structural modeling (>400 aa batch)
PCW1_contig_283326_2							Queued for structural modeling (>400 aa batch)
SHW2_contig_61155_3							Queued for structural modeling (>400 aa batch)
SHW2_contig_218893_3							Queued for structural modeling (>400 aa batch)
MSLW2_contig_7812_2	1NZY (4-chlorobenzoyl-CoA dehalogenase (Pseudomonas CBS3))	88.8	89.2	0.939	2.04	Chlorobenzoyl-CoA dehalogenase fold verified	Identical fold; 25.3% id over 260 aa
SCW1_contig_244672_3							Queued for structural modeling (>400 aa batch)
MCW2_contig_315811_2							Queued for structural modeling (>400 aa batch)
MHW2_contig_176972_3	1NZY (4-chlorobenzoyl-CoA dehalogenase (Pseudomonas CBS3))	79.8	80.3	0.911	2.33	Chlorobenzoyl-CoA dehalogenase fold verified	Identical fold; 24.1% id over 257 aa
PSLW2_contig_201453_1							Queued for structural modeling (>400 aa batch)
SSLW2_contig_13178_4							Queued for structural modeling (>400 aa batch)
PCW1_contig_274324_2							Queued for structural modeling (>400 aa batch)
SSLW1_contig_35515_2							Queued for structural modeling (>400 aa batch)
MCW2_contig_120574_3							Queued for structural modeling (>400 aa batch)
SHW2_contig_128052_2							Queued for structural modeling (>400 aa batch)
PCW1_contig_411905_1							Queued for structural modeling (>400 aa batch)
PSLW2_contig_132512_2							Queued for structural modeling (>400 aa batch)
PSLW1_contig_251761_1							Queued for structural modeling (>400 aa batch)
PSLW2_contig_73229_3							Queued for structural modeling (>400 aa batch)
PSLW2_contig_139109_1							Queued for structural modeling (>400 aa batch)
PHW1_contig_310384_2							Queued for structural modeling (>400 aa batch)
SHW2_contig_319273_2							Queued for structural modeling (>400 aa batch)
SHW1_contig_271054_2							Queued for structural modeling (>400 aa batch)
SSLW2_contig_133961_1							Queued for structural modeling (>400 aa batch)
MCW2_contig_62733_1							Queued for structural modeling (>400 aa batch)
MCW1_contig_106756_1							Queued for structural modeling (>400 aa batch)
MCW2_contig_211894_1							Queued for structural modeling (>400 aa batch)
MSLW2_contig_338472_1							Queued for structural modeling (>400 aa batch)
PCW1_contig_280866_1							Queued for structural modeling (>400 aa batch)
SCW2_contig_195645_2							Queued for structural modeling (>400 aa batch)
SCW2_contig_111466_2							Queued for structural modeling (>400 aa batch)
PCW2_contig_187473_2							Queued for structural modeling (>400 aa batch)
