sample_id	city	source_type	timepoint	n_predicted_proteins
MHW1	Mardan	Hospital	T1	41285
MHW2	Mardan	Hospital	T2	43512
MCW1	Mardan	Community	T1	38914
MCW2	Mardan	Community	T2	39450
MSLW1	Mardan	Slaughterhouse	T1	48210
MSLW2	Mardan	Slaughterhouse	T2	47105
PHW1	Peshawar	Hospital	T1	52310
PHW2	Peshawar	Hospital	T2	54120
PCW1	Peshawar	Community	T1	61355
PCW2	Peshawar	Community	T2	58940
PSLW1	Peshawar	Slaughterhouse	T1	45210
PSLW2	Peshawar	Slaughterhouse	T2	44890
SHW1	Swat	Hospital	T1	36520
SHW2	Swat	Hospital	T2	37110
SCW1	Swat	Community	T1	34210
SCW2	Swat	Community	T2	35400
SSLW1	Swat	Slaughterhouse	T1	27567
SSLW2	Swat	Slaughterhouse	T2	28916
